City_ID,City,Country,Lat,Lng,Max Temp,Humidity,Cloudiness,Wind Speed,Current Description
0,Seoul,KR,37.5683,126.9778,69.24,76,0,1.14,clear sky
1,Saldanha,ZA,-33.0117,17.9442,69.85,71,0,14.29,clear sky
2,Albany,US,42.6001,-73.9662,65.44,93,98,0.69,overcast clouds
3,Hirara,JP,24.8,125.2833,81.59,69,95,19.44,overcast clouds
4,Rikitea,PF,-23.1203,-134.9692,72.9,74,41,23.78,scattered clouds
5,Tasiilaq,GL,65.6145,-37.6368,44.76,92,100,2.95,overcast clouds
6,Komsomolskiy,UZ,40.4272,71.7189,92.12,22,0,4.61,clear sky
7,Salalah,OM,17.0151,54.0924,80.69,83,75,10.36,broken clouds
8,Hithadhoo,MV,-0.6,73.0833,82.38,73,77,14.27,broken clouds
9,Vaini,TO,-21.2,-175.2,73.56,88,40,3.44,scattered clouds
10,Arraial Do Cabo,BR,-22.9661,-42.0278,75.16,53,75,17.27,broken clouds
11,Saskylakh,RU,71.9167,114.0833,40.64,90,100,10.09,overcast clouds
12,Kahului,US,20.8947,-156.47,78.84,81,0,19.57,clear sky
13,Castro,BR,-24.7911,-50.0119,57.88,96,100,3.87,overcast clouds
14,Fort Morgan,US,40.2503,-103.8,62.02,48,0,5.75,clear sky
15,Moron,AR,-34.6534,-58.6198,67.89,57,80,7.65,broken clouds
16,Esperance,AU,-33.8667,121.9,55.24,74,44,21.97,scattered clouds
17,Jamestown,US,42.097,-79.2353,65.01,75,100,8.05,overcast clouds
18,Oranjemund,NA,-28.55,16.4333,68.02,47,0,13.18,clear sky
19,Provideniya,RU,64.3833,-173.3,42.94,86,90,7.34,overcast clouds
20,Brae,GB,60.3964,-1.353,56.86,94,100,23.06,light rain
21,Chokurdakh,RU,70.6333,147.9167,51.06,60,100,6.35,overcast clouds
22,Hermanus,ZA,-34.4187,19.2345,74.8,60,0,13.11,clear sky
23,Atuona,PF,-9.8,-139.0333,76.59,82,76,22.5,light rain
24,Cherskiy,RU,68.75,161.3,46.44,57,4,11.9,clear sky
25,Mataura,NZ,-46.1927,168.8643,41.49,99,100,1.21,overcast clouds
26,Carnarvon,AU,-24.8667,113.6333,65.86,66,0,13.76,clear sky
27,Dikson,RU,73.5069,80.5464,37.02,88,100,19.42,light rain
28,Puerto Ayora,EC,-0.7393,-90.3518,68.2,89,99,13.02,light rain
29,Upernavik,GL,72.7868,-56.1549,37.4,90,100,3.67,overcast clouds
30,Kenai,US,60.5544,-151.2583,49.08,96,75,4.61,broken clouds
31,Busselton,AU,-33.65,115.3333,51.76,81,42,6.85,scattered clouds
32,Keti Bandar,PK,24.1447,67.4497,83.26,69,0,9.89,clear sky
33,Mwingi,KE,-0.9344,38.0601,78.51,40,98,9.91,overcast clouds
34,Hilo,US,19.7297,-155.09,75.27,91,100,3.44,light rain
35,Cape Town,ZA,-33.9258,18.4232,66.27,62,0,16.11,clear sky
36,Iqaluit,CA,63.7506,-68.5145,44.33,75,75,18.41,broken clouds
37,Avarua,CK,-21.2078,-159.775,73.45,88,20,5.75,few clouds
38,Constitucion,CL,-35.3333,-72.4167,50.65,85,100,3.04,overcast clouds
39,Lorengau,PG,-2.0226,147.2712,80.29,78,100,2.93,overcast clouds
40,Berck,FR,50.4,1.6,75.27,60,75,11.5,broken clouds
41,Alofi,NU,-19.0595,-169.9187,71.49,94,12,6.91,few clouds
42,Bathsheba,BB,13.2167,-59.5167,88.41,74,20,9.22,few clouds
43,Orodara,BF,10.9492,-4.9342,81.25,69,95,4.34,light rain
44,Baykit,RU,61.67,96.37,46.49,75,100,3.42,overcast clouds
45,Shubarshi,KZ,48.5872,57.1869,65.39,23,77,14.27,broken clouds
46,Changde,CN,29.0464,111.6783,81.34,43,100,5.28,overcast clouds
47,Namibe,AO,-15.1961,12.1522,70.43,76,40,12.68,scattered clouds
48,Desnogorsk,RU,54.1508,33.2815,55.85,53,100,7.56,light rain
49,Tuktoyaktuk,CA,69.4541,-133.0374,37.4,93,100,8.05,overcast clouds
50,Kilindoni,TZ,-7.9139,39.6668,77.04,70,5,10.87,clear sky
51,Mar Del Plata,AR,-38.0023,-57.5575,60.82,82,100,13.8,overcast clouds
52,Nikolskoye,RU,59.7035,30.7861,51.87,74,95,8.63,overcast clouds
53,Souillac,MU,-20.5167,57.5167,73.78,60,20,11.5,few clouds
54,Mahebourg,MU,-20.4081,57.7,74.25,60,20,11.5,few clouds
55,Ushuaia,AR,-54.8,-68.3,35.26,64,40,3.44,scattered clouds
56,Butaritari,KI,3.0707,172.7902,81.95,69,100,14.27,overcast clouds
57,Tiksi,RU,71.6872,128.8694,41.09,86,71,13.82,broken clouds
58,Kodiak,US,57.79,-152.4072,47.71,93,100,0.0,light rain
59,Northampton,US,40.8754,-75.2499,64.49,91,100,1.99,overcast clouds
60,Port Alfred,ZA,-33.5906,26.891,68.18,78,21,7.0,few clouds
61,Jackson,US,42.4165,-122.8345,68.79,73,0,1.01,clear sky
62,Chuy,UY,-33.6971,-53.4616,64.29,78,49,4.99,scattered clouds
63,Chitral,PK,35.8462,71.7858,78.78,66,19,6.55,few clouds
64,Lahaina,US,20.8783,-156.6825,78.8,89,0,9.44,clear sky
65,Dongsheng,CN,39.8161,109.9776,64.62,31,0,8.68,clear sky
66,Marsa Matruh,EG,31.3525,27.2453,84.4,58,0,6.91,clear sky
67,Talnakh,RU,69.4865,88.3972,34.21,71,99,3.31,overcast clouds
68,Kaitangata,NZ,-46.2817,169.8464,39.43,93,67,3.67,broken clouds
69,Ban Nahin,LA,18.2418,104.2122,78.22,78,99,3.49,overcast clouds
70,Sulangan,PH,11.1373,123.7228,84.27,72,100,6.69,overcast clouds
71,Awjilah,LY,29.1081,21.2869,90.84,28,0,14.92,clear sky
72,East London,ZA,-33.0153,27.9116,68.94,73,20,16.11,few clouds
73,Huarmey,PE,-10.0681,-78.1522,63.55,75,84,6.04,broken clouds
74,Bambous Virieux,MU,-20.3428,57.7575,74.21,60,20,11.5,few clouds
75,Tuatapere,NZ,-46.1333,167.6833,41.52,92,98,2.59,overcast clouds
76,Nurlat,RU,54.4277,50.8051,50.7,66,100,8.32,overcast clouds
77,Vila Velha,BR,-20.3297,-40.2925,75.15,73,75,9.22,broken clouds
78,Yatou,CN,37.15,122.3833,66.04,70,0,2.91,clear sky
79,Jalu,LY,29.0331,21.5482,90.81,28,0,15.03,clear sky
80,Hofn,IS,64.2539,-15.2082,51.82,87,100,4.61,overcast clouds
81,Nanortalik,GL,60.1432,-45.2371,44.28,90,70,1.97,broken clouds
82,Hobart,AU,-42.8794,147.3294,48.06,85,40,3.44,scattered clouds
83,Georgetown,MY,5.4112,100.3354,80.53,93,20,3.44,few clouds
84,Faanui,PF,-16.4833,-151.75,78.24,75,8,20.78,clear sky
85,Airai,TL,-8.9266,125.4092,57.9,86,100,1.63,overcast clouds
86,Moroni,KM,-11.7022,43.2551,82.4,65,40,14.97,scattered clouds
87,Usinsk,RU,65.9939,57.5281,44.2,58,53,8.48,broken clouds
88,Whitehorse,CA,60.7161,-135.0538,39.97,81,20,2.3,few clouds
89,Pevek,RU,69.7008,170.3133,38.57,76,2,9.64,clear sky
90,Laguna,US,38.421,-121.4238,85.78,44,0,3.44,clear sky
91,Bluff,NZ,-46.6,168.3333,41.81,78,73,0.49,broken clouds
92,Rawson,AR,-43.3002,-65.1023,45.37,64,100,24.16,overcast clouds
93,Malatya,TR,38.5,38.0,78.85,21,0,10.36,clear sky
94,Severo-Kurilsk,RU,50.6789,156.125,53.42,94,49,16.58,scattered clouds
95,Bredasdorp,ZA,-34.5322,20.0403,64.4,55,0,10.16,clear sky
96,San Ramon,US,37.7799,-121.978,76.12,61,0,0.0,clear sky
97,Kolondieba,ML,11.0882,-6.8926,83.64,71,93,3.71,moderate rain
98,Same,TZ,-4.0667,37.7333,76.24,45,84,12.62,broken clouds
99,Palembang,ID,-2.9167,104.7458,78.89,94,40,3.44,scattered clouds
100,Sinnamary,GF,5.3833,-52.95,84.24,69,92,9.86,overcast clouds
101,Hassleholm,SE,56.1591,13.7664,67.78,52,94,10.02,overcast clouds
102,Kuusamo,FI,65.9667,29.1833,44.64,70,40,4.61,scattered clouds
103,Colombia,CU,20.9881,-77.4297,84.2,68,7,6.46,clear sky
104,Lagoa,PT,39.05,-27.9833,74.97,88,96,19.01,overcast clouds
105,Henties Bay,NA,-22.116,14.2845,62.89,68,2,8.93,clear sky
106,Kununurra,AU,-15.7667,128.7333,75.18,69,100,6.91,overcast clouds
107,Nata,PA,8.3333,-80.5167,80.47,82,100,3.44,overcast clouds
108,Takapau,NZ,-40.0333,176.35,42.73,91,54,1.86,broken clouds
109,Port Elizabeth,ZA,-33.918,25.5701,74.1,67,0,13.8,clear sky
110,Mago,RU,53.2514,140.1822,52.65,81,100,18.37,light rain
111,Tiznit,MA,29.5833,-9.5,87.03,29,0,11.16,clear sky
112,Iquique,CL,-20.2208,-70.1431,57.24,69,36,4.34,scattered clouds
113,Srednekolymsk,RU,67.45,153.6833,53.01,46,90,7.25,overcast clouds
114,Adre,TD,13.4667,22.2,89.6,42,77,1.1,broken clouds
115,Ekhabi,RU,53.5102,142.9671,54.86,78,100,25.77,overcast clouds
116,Tazovskiy,RU,67.4667,78.7,37.83,68,32,6.71,scattered clouds
117,Punta Arenas,CL,-53.15,-70.9167,35.71,80,40,6.91,scattered clouds
118,Saint-Philippe,RE,-21.3585,55.7679,72.99,71,94,2.21,overcast clouds
119,Nichinan,JP,31.6,131.3667,74.84,69,98,6.46,overcast clouds
120,Melfort,CA,52.8667,-104.6177,48.33,76,13,6.91,few clouds
121,Kapaa,US,22.0752,-159.319,79.12,79,75,19.57,light rain
122,Khiri Mat,TH,16.8333,99.8,83.88,85,100,4.68,overcast clouds
123,Atlautla,MX,19.0167,-98.7833,55.85,86,100,1.86,overcast clouds
124,Sitka,US,57.0531,-135.33,51.69,87,100,4.61,overcast clouds
125,Kukushtan,RU,57.6464,56.4952,51.42,71,92,6.29,overcast clouds
126,Inuvik,CA,68.3499,-133.7218,36.36,97,75,4.61,light intensity drizzle
127,Mangan,IN,27.5167,88.5333,76.57,91,100,1.34,overcast clouds
128,Hambantota,LK,6.1241,81.1185,80.94,83,40,10.36,scattered clouds
129,La Mana,EC,-0.9333,-79.2167,73.71,91,87,2.89,overcast clouds
130,Mulege,MX,26.8833,-111.9833,77.86,87,100,15.88,overcast clouds
131,Parfenyevo,RU,58.484,43.4088,45.63,93,100,3.29,overcast clouds
132,Aleksandrovsk-Sakhalinskiy,RU,50.8975,142.1561,56.66,78,100,29.71,light rain
133,Ambanja,MG,-13.6833,48.45,82.33,62,87,5.61,overcast clouds
134,New Norfolk,AU,-42.7826,147.0587,47.7,77,65,0.96,broken clouds
135,Thompson,CA,55.7435,-97.8558,51.96,76,0,6.91,clear sky
136,Coihaique,CL,-45.5752,-72.0662,33.75,86,100,0.0,light snow
137,Rajpura,IN,30.4831,76.595,84.47,62,0,7.23,clear sky
138,Meulaboh,ID,4.1363,96.1285,78.42,76,100,6.76,light rain
139,Bandarbeyla,SO,9.4942,50.8122,79.25,72,0,32.17,clear sky
140,Norman Wells,CA,65.282,-126.8329,28.44,93,75,2.3,broken clouds
141,Port Hawkesbury,CA,45.6169,-61.3485,67.91,73,0,6.91,clear sky
142,Marzuq,YE,14.4,46.4667,80.64,55,70,15.12,light rain
143,Ahipara,NZ,-35.1667,173.1667,48.16,83,17,3.29,few clouds
144,Quimperle,FR,47.8667,-3.55,63.99,88,100,14.97,light rain
145,Cabo San Lucas,MX,22.8909,-109.9124,78.1,88,100,37.27,overcast clouds
146,Ancud,CL,-41.8697,-73.8203,44.22,87,100,14.72,light rain
147,Kinango,KE,-4.1372,39.3153,80.71,52,7,14.85,clear sky
148,Klaksvik,FO,62.2266,-6.589,59.92,90,100,18.7,overcast clouds
149,Clyde River,CA,70.4692,-68.5914,34.03,100,100,17.27,moderate rain
150,Taywarah,AF,33.35,64.4167,64.45,11,0,5.86,clear sky
151,Fort-Shevchenko,KZ,44.5086,50.263,66.34,61,100,11.41,overcast clouds
152,Beringovskiy,RU,63.05,179.3167,39.56,82,98,9.19,overcast clouds
153,Pisco,PE,-13.7,-76.2167,59.05,94,100,5.75,light intensity drizzle
154,Santa Rita Do Passa Quatro,BR,-21.7103,-47.4781,62.6,34,51,9.89,broken clouds
155,Pilot Butte,CA,50.4668,-104.4178,53.22,60,75,16.11,broken clouds
156,Otjimbingwe,NA,-22.35,16.1333,95.97,9,0,5.95,clear sky
157,La Rioja,ES,42.25,-2.5,69.58,24,100,10.8,overcast clouds
158,Nome,US,64.5011,-165.4064,44.67,93,75,3.44,broken clouds
159,Luanda,AO,-8.8368,13.2343,75.2,78,75,4.61,broken clouds
160,Saint-Georges,GD,12.0564,-61.7485,85.68,79,40,23.02,scattered clouds
161,Ortega,CO,3.9361,-75.2217,84.25,48,5,4.32,clear sky
162,Acapulco,MX,16.8634,-99.8901,78.62,83,75,5.75,broken clouds
163,Sobolevo,RU,54.4299,31.8996,52.86,74,100,11.7,light rain
164,Abha,SA,18.2164,42.5053,85.82,39,40,10.36,scattered clouds
165,Cidreira,BR,-30.1811,-50.2056,66.51,75,100,10.65,overcast clouds
166,Ilulissat,GL,69.2167,-51.1,39.22,87,75,4.61,light rain
167,Hirado,JP,33.3597,129.5531,73.38,61,91,19.71,overcast clouds
168,Panacan,PH,9.2463,118.4082,80.29,83,69,2.91,broken clouds
169,Lethem,GY,3.3803,-59.7968,85.48,63,91,9.22,overcast clouds
170,Kralendijk,BQ,12.15,-68.2667,87.78,74,40,12.66,scattered clouds
171,Kruisfontein,ZA,-34.0033,24.7314,71.89,55,1,11.61,clear sky
172,Bukachacha,RU,52.9833,116.9167,45.23,80,39,4.5,scattered clouds
173,Potiskum,NG,11.7091,11.0694,84.2,61,97,3.27,overcast clouds
174,Kontagora,NG,10.3999,5.4695,72.57,94,100,3.85,overcast clouds
175,Cozumel,MX,20.5083,-86.9458,84.99,81,20,0.0,few clouds
176,Antalaha,MG,-14.9003,50.2788,72.75,69,4,11.77,clear sky
177,Marovoay,MG,-16.1,46.6333,88.39,28,23,6.8,few clouds
178,Leningradskiy,RU,69.3833,178.4167,36.72,74,3,5.48,clear sky
179,Matagami,CA,49.7502,-77.6328,59.11,82,0,4.61,clear sky
180,Paamiut,GL,61.994,-49.6678,39.74,81,51,12.06,broken clouds
181,Fairbanks,US,64.8378,-147.7164,47.25,92,75,3.44,broken clouds
182,Kavaratti,IN,10.5669,72.642,79.84,82,100,20.89,overcast clouds
183,Spring Hill,US,28.4769,-82.5255,86.04,80,0,3.44,clear sky
184,Kunda,IN,25.7167,81.5167,88.48,53,34,4.88,scattered clouds
185,Kirakira,SB,-10.4544,161.9205,78.87,86,33,8.63,scattered clouds
186,San Julian,MX,21.0167,-102.1667,58.87,91,94,2.89,overcast clouds
187,Honiara,SB,-9.4333,159.95,77.67,89,6,6.6,clear sky
188,Tenerife,CO,9.9003,-74.859,81.79,83,100,7.65,overcast clouds
189,Anadyr,RU,64.75,177.4833,32.5,86,0,8.95,clear sky
190,Merrill,US,45.1805,-89.6835,65.89,94,0,0.0,clear sky
191,Sechura,PE,-5.5569,-80.8222,66.88,69,47,8.75,scattered clouds
192,Gashua,NG,12.871,11.0482,88.93,49,95,4.23,overcast clouds
193,Bilma,NE,18.6853,12.9164,103.46,14,45,1.7,scattered clouds
194,Ibra,OM,22.6906,58.5334,92.77,34,0,18.43,clear sky
195,Nicoya,CR,10.1483,-85.452,79.86,83,57,2.3,broken clouds
196,Port Macquarie,AU,-31.4333,152.9167,50.9,87,13,4.68,few clouds
197,Gouyave,GD,12.1646,-61.7296,84.97,79,40,23.02,scattered clouds
198,Los Zacatones,MX,22.95,-102.05,61.43,80,97,8.39,overcast clouds
199,Pasighat,IN,28.0667,95.3333,76.23,87,93,3.22,overcast clouds
200,Concepcion De Buenos Aires,MX,19.9667,-103.2667,57.42,93,64,1.79,broken clouds
201,Puerto Narino,CO,-3.7703,-70.3831,84.51,58,18,4.21,few clouds
202,Kondinskoye,RU,59.6481,67.41,46.63,76,100,7.25,overcast clouds
203,Snihurivka,UA,47.0758,32.8052,67.3,24,0,5.75,clear sky
204,Sokoni,TZ,-6.4333,39.55,82.26,76,7,14.63,clear sky
205,Lasa,IT,46.6166,10.7002,72.7,74,100,4.41,overcast clouds
206,Clovis,US,36.8252,-119.7029,89.67,51,40,5.75,scattered clouds
207,Caramay,PH,10.1815,119.236,80.08,82,77,2.15,broken clouds
208,Takoradi,GH,4.8845,-1.7554,80.74,73,41,11.45,light rain
209,Mtwango,TZ,-9.0167,34.8,66.16,45,94,9.33,overcast clouds
210,Harrisburg,US,40.2737,-76.8844,68.94,95,100,5.99,moderate rain
211,Verkhnyaya Inta,RU,65.9811,60.3094,41.2,76,92,4.05,overcast clouds
212,El Tambo,CO,1.4181,-77.3968,58.59,68,40,4.61,scattered clouds
213,Chabahar,IR,25.2919,60.643,80.08,75,0,9.98,clear sky
214,Portland,US,45.5234,-122.6762,64.62,73,0,4.0,clear sky
215,Itoman,JP,26.1247,127.6694,80.62,74,20,12.66,few clouds
216,Lugovoy,KZ,42.9472,72.7644,81.46,21,0,4.85,clear sky
217,Dongning,CN,44.0622,131.1207,54.59,92,0,5.59,clear sky
218,Labuhan,ID,-6.8844,112.2051,80.35,80,47,8.75,scattered clouds
219,Yellowknife,CA,62.456,-114.3525,39.72,87,40,8.05,scattered clouds
220,Ust-Tsilma,RU,65.441,52.1498,44.73,69,91,8.23,overcast clouds
221,Birin,NP,26.8865,88.0718,65.23,92,66,2.55,broken clouds
222,Bad Oldesloe,DE,53.8117,10.3742,76.35,62,100,6.53,overcast clouds
223,Tabou,CI,4.423,-7.3528,80.02,72,77,9.44,broken clouds
224,Yumen,CN,40.2833,97.2,75.76,11,0,5.88,clear sky
225,Qaanaaq,GL,77.484,-69.3632,35.83,79,55,3.53,broken clouds
226,Adrar,MR,20.5022,-10.0711,105.84,10,4,3.15,clear sky
227,Kavieng,PG,-2.5744,150.7967,82.31,74,34,6.98,scattered clouds
228,Rangia,IN,26.4667,91.6333,82.35,79,50,12.46,scattered clouds
229,Aloleng,PH,16.1307,119.7824,82.36,82,9,6.71,clear sky
230,Kastamonu,TR,41.5,33.6667,62.62,55,69,11.3,broken clouds
231,Mumford,GH,5.2618,-0.759,78.51,79,43,13.62,scattered clouds
232,Gasa,PS,31.5,34.4667,87.87,54,0,10.31,clear sky
233,Kobrinskoye,RU,59.4225,30.1239,49.32,63,72,10.02,broken clouds
234,Beinamar,TD,8.6698,15.3813,83.53,72,57,3.09,light rain
235,Sibiti,CG,-3.6819,13.3499,85.28,48,96,4.83,overcast clouds
236,Saint George,US,37.1041,-113.5841,81.19,26,0,0.0,clear sky
237,Manono,CD,-7.3,27.4167,100.35,9,0,1.36,clear sky
238,Sao Joao Do Piaui,BR,-8.3581,-42.2467,88.27,32,79,11.79,broken clouds
239,Los Andes,CL,-32.8337,-70.5983,45.01,71,100,4.79,overcast clouds
240,Ribeira Grande,PT,38.5167,-28.7,77.4,88,40,13.8,scattered clouds
241,Las Choapas,MX,17.9333,-94.0833,77.49,92,100,6.67,overcast clouds
242,Ponta Pora,BR,-22.5361,-55.7256,67.91,77,0,13.8,clear sky
243,Ust-Ishim,RU,57.6935,71.1665,43.43,95,100,10.71,light rain
244,Takestan,IR,36.0696,49.6959,91.53,17,20,14.41,few clouds
245,Mattru,SL,7.6244,-11.8332,73.44,99,100,4.38,heavy intensity rain
246,Catuday,PH,16.2923,119.8062,81.64,81,17,6.64,few clouds
247,Nargana,PA,9.4428,-78.5906,81.27,82,100,2.8,overcast clouds
248,Jos,NG,9.9167,8.9,73.08,79,100,3.6,moderate rain
249,Beloha,MG,-25.1667,45.05,72.64,58,3,15.05,clear sky
250,Los Llanos De Aridane,ES,28.6585,-17.9182,74.95,84,0,13.8,clear sky
251,Cambridge,CA,43.3601,-80.3127,66.22,88,0,4.61,clear sky
252,Faya,SA,18.3851,42.4509,86.11,38,82,7.31,broken clouds
253,Kuzhener,RU,56.8111,48.9128,48.83,77,100,9.1,overcast clouds
254,Codrington,AU,-38.2667,141.9667,52.63,88,100,15.28,light rain
255,Teguldet,RU,57.3064,88.1667,62.69,83,100,6.17,overcast clouds
256,Ojinaga,MX,29.5667,-104.4167,70.75,64,0,3.44,clear sky
257,Barrow,US,71.2906,-156.7887,33.82,100,0,10.36,clear sky
258,Kovur,IN,14.4833,79.9833,84.36,69,100,8.14,overcast clouds
259,Uruzgan,AF,32.8333,66.0,81.86,13,0,4.83,clear sky
260,Lebu,CL,-37.6167,-73.65,47.98,71,100,10.49,overcast clouds
261,Road Town,VG,18.4167,-64.6167,84.29,79,40,4.61,scattered clouds
262,Luderitz,NA,-26.6481,15.1594,69.82,51,0,9.62,clear sky
263,Korla,CN,41.7597,86.1469,83.3,15,0,0.63,clear sky
264,Constantine,DZ,36.365,6.6147,98.01,19,40,12.66,scattered clouds
265,Whitianga,NZ,-36.8333,175.7,47.77,79,22,2.77,few clouds
266,Urucurituba,BR,-2.6833,-57.6667,93.87,40,11,5.23,few clouds
267,Fayaoue,NC,-20.65,166.5333,72.14,84,100,19.04,overcast clouds
268,Coquimbo,CL,-29.9533,-71.3436,53.33,87,75,4.61,broken clouds
269,Bunia,CD,1.5667,30.25,74.08,69,85,2.62,light rain
270,Newark,US,40.7357,-74.1724,68.99,92,100,11.5,mist
271,Khatanga,RU,71.9667,102.5,33.84,94,100,12.68,overcast clouds
272,Sao Joao Da Barra,BR,-21.6403,-41.0511,75.29,63,100,15.26,overcast clouds
273,Emba,KZ,48.8264,58.1442,63.03,26,50,12.03,scattered clouds
274,Santa Comba,ES,43.0331,-8.8093,70.2,67,38,10.6,scattered clouds
275,Campagna,IT,40.6653,15.1059,86.41,45,0,5.75,clear sky
276,Pestisani,RO,45.0667,23.0333,75.43,54,20,2.39,few clouds
277,Pierre,US,44.3683,-100.351,59.92,100,0,5.75,mist
278,Benton Harbor,US,42.1167,-86.4542,70.45,77,75,4.0,broken clouds
279,Mount Gambier,AU,-37.8333,140.7667,53.64,96,100,9.1,light rain
280,Te Anau,NZ,-45.4167,167.7167,33.37,96,63,1.12,broken clouds
281,Vega De Alatorre,MX,20.0333,-96.6333,79.77,78,95,8.19,overcast clouds
282,Ponta Do Sol,PT,32.6667,-17.1,84.0,66,34,1.63,scattered clouds
283,Broome,US,42.2506,-75.833,64.85,90,100,6.91,moderate rain
284,Marienburg,PL,54.0359,19.0266,68.88,31,34,4.97,scattered clouds
285,Chikhli,IN,20.35,76.25,77.63,82,48,5.59,scattered clouds
286,Newport,GB,51.5877,-2.9984,71.08,81,100,18.25,overcast clouds
287,Sidi Ali,DZ,36.0998,0.4206,83.91,40,27,10.02,scattered clouds
288,Dharchula,IN,29.85,80.5333,73.51,85,53,1.16,broken clouds
289,Pochutla,MX,15.7432,-96.4661,73.81,85,100,4.07,overcast clouds
290,Sao Filipe,CV,14.8961,-24.4956,79.29,86,100,9.48,light rain
291,Hobyo,SO,5.3505,48.5268,78.62,69,67,28.68,broken clouds
292,Mount Isa,AU,-20.7333,139.5,74.97,29,49,8.05,light rain
293,Bogo,PH,11.0517,124.0055,80.85,81,100,4.45,overcast clouds
294,Kabompo,ZM,-13.5927,24.2008,92.48,8,0,9.93,clear sky
295,Saint-Pierre,RE,-21.3393,55.4781,73.08,69,100,4.61,overcast clouds
296,Pangnirtung,CA,66.1451,-65.7125,44.6,76,100,0.0,overcast clouds
297,Praia Da Vitoria,PT,38.7333,-27.0667,80.85,83,40,11.45,scattered clouds
298,Aitape,PG,-3.1374,142.3475,78.37,83,29,1.83,scattered clouds
299,Moerai,PF,-22.4333,-151.3333,72.41,66,1,15.35,clear sky
300,Mana,GF,5.6592,-53.7767,85.17,67,48,10.83,scattered clouds
301,Esil,KZ,51.9556,66.4042,53.44,52,28,12.68,scattered clouds
302,Ambilobe,MG,-13.2,49.05,79.38,50,89,5.28,overcast clouds
303,Callaway,US,30.153,-85.5699,80.53,83,75,9.22,broken clouds
304,Kailua,US,21.4022,-157.7394,80.01,77,0,11.5,clear sky
305,San Patricio,US,28.017,-97.5169,80.46,85,100,4.92,overcast clouds
306,Ginir,ET,7.1333,40.7,69.93,57,77,9.28,light rain
307,Raga,SS,8.4596,25.678,84.58,68,72,1.23,light rain
308,Voh,NC,-20.9667,164.7,67.32,83,100,4.56,overcast clouds
309,Asosa,ET,10.0667,34.5333,68.56,91,96,3.6,light rain
310,Aswan,EG,24.0934,32.907,101.93,13,0,16.2,clear sky
311,Mehamn,NO,71.0357,27.8492,46.35,71,100,10.36,overcast clouds
312,Juba,SS,4.8517,31.5825,85.53,55,85,1.72,overcast clouds
313,Sioux Lookout,CA,50.1001,-91.917,53.67,94,20,0.0,few clouds
314,Garoua,CM,9.3,13.4,90.0,58,75,8.05,broken clouds
315,Narsaq,GL,60.9167,-46.05,46.62,81,80,0.98,broken clouds
316,Muros,ES,42.7762,-9.0603,71.1,74,58,12.62,broken clouds
317,Alice Springs,AU,-23.7,133.8833,65.75,34,0,10.36,clear sky
318,Puerto Escondido,MX,15.85,-97.0667,76.03,73,100,8.05,overcast clouds
319,Miraflores,MX,19.2167,-98.8083,58.03,86,96,1.97,overcast clouds
320,Palana,RU,59.1167,159.9667,48.15,62,100,8.3,overcast clouds
321,Port Lincoln,AU,-34.7333,135.8667,52.59,91,28,14.81,light rain
322,Port-Cartier,CA,50.0334,-66.8654,63.75,62,38,3.96,scattered clouds
323,Waw,SS,7.7029,27.9953,86.52,56,87,1.99,overcast clouds
324,Avera,US,33.194,-82.5271,74.71,66,98,7.09,overcast clouds
325,Ostrovnoy,RU,68.0531,39.5131,44.29,76,100,18.45,light rain
326,Armidale,AU,-30.5167,151.65,40.91,97,34,4.97,scattered clouds
327,Maarianhamina,AX,60.0973,19.9348,57.06,51,0,12.66,clear sky
328,Bengkulu,ID,-3.8004,102.2655,76.05,84,97,3.98,overcast clouds
329,Nizwa,OM,22.9333,57.5333,94.87,30,43,15.41,scattered clouds
330,Moose Factory,CA,51.2585,-80.6094,59.0,77,100,8.05,overcast clouds
331,Basco,PH,20.4487,121.9702,83.66,83,79,16.53,broken clouds
332,Ponta Delgada,PT,37.7333,-25.6667,77.72,88,75,10.36,broken clouds
333,Aguimes,ES,27.9054,-15.4461,79.43,52,20,32.01,few clouds
334,Shingu,JP,33.7333,135.9833,77.52,92,97,4.09,overcast clouds
335,Sume,BR,-7.6717,-36.88,83.48,31,0,14.29,clear sky
336,Naze,JP,28.3667,129.4833,77.92,78,71,11.61,broken clouds
337,Saint Anthony,US,45.0205,-93.218,70.09,93,0,3.44,mist
338,Pandan,PH,14.0453,124.1694,81.91,80,96,4.47,overcast clouds
339,El Tigre,VE,8.8875,-64.2454,82.85,68,68,3.02,broken clouds
340,Viedma,AR,-40.8135,-62.9967,57.69,61,100,17.4,overcast clouds
341,Mayo,US,38.8876,-76.5119,73.51,89,100,6.91,overcast clouds
342,Cortland,US,42.6001,-76.083,64.71,92,100,3.4,light rain
343,Quang Ngai,VN,15.1167,108.8,75.72,93,100,4.59,overcast clouds
344,Paita,PE,-5.0892,-81.1144,65.3,76,90,11.18,overcast clouds
345,Toyota,JP,35.0833,137.15,79.99,93,100,3.56,overcast clouds
346,Nyagan,RU,62.1406,65.3936,46.65,82,100,4.63,light rain
347,Salamiyah,SY,35.0113,37.0532,89.02,36,0,19.91,clear sky
348,Aranos,NA,-24.1333,19.1167,89.6,8,0,3.18,clear sky
349,Pachino,IT,36.7186,15.0907,81.16,69,4,16.49,clear sky
350,Victoria,HK,22.2855,114.1577,85.17,81,99,13.0,overcast clouds
351,Silchar,IN,24.8167,92.8,81.19,85,83,4.83,heavy intensity rain
352,Rock Springs,US,41.5875,-109.2029,60.24,21,0,3.44,clear sky
353,Anloga,GH,5.7947,0.8973,79.92,75,33,15.21,scattered clouds
354,Farah,AF,32.5,62.5,90.46,7,0,6.31,clear sky
355,Yangambi,CD,0.8102,24.4336,83.88,63,99,3.0,overcast clouds
356,Kosh-Agach,RU,50.0,88.6667,58.35,33,0,5.44,clear sky
357,Bethel,US,41.3712,-73.414,66.56,87,100,9.22,overcast clouds
358,Vestmannaeyjar,IS,63.4427,-20.2734,58.19,72,0,5.75,clear sky
359,Cabedelo,BR,-6.9811,-34.8339,81.27,65,16,19.06,few clouds
360,Walvis Bay,NA,-22.9575,14.5053,76.15,41,0,4.61,clear sky
361,Khorixas,NA,-20.3667,14.9667,96.17,8,0,7.9,clear sky
362,Sao Gabriel Da Cachoeira,BR,-0.1303,-67.0892,85.41,62,47,2.44,scattered clouds
363,Saint-Augustin,CA,51.226,-58.6502,54.54,76,100,5.55,overcast clouds
364,Omaruru,NA,-21.4333,15.9333,92.88,9,1,0.54,clear sky
365,Longyearbyen,SJ,78.2186,15.6401,42.64,87,75,5.75,broken clouds
366,Alghero,IT,40.5589,8.3181,86.09,62,0,4.61,clear sky
367,Abu Kamal,SY,34.4506,40.9171,97.72,20,0,12.55,clear sky
368,Guerrero Negro,MX,27.9769,-114.0611,79.57,74,5,2.84,clear sky
369,Usogorsk,RU,63.4106,48.6872,41.94,86,100,6.33,overcast clouds
370,Oistins,BB,13.0667,-59.5333,87.89,74,20,9.22,few clouds
371,Goundam,ML,16.4145,-3.6708,91.13,38,98,1.57,overcast clouds
372,Mabaruma,GY,8.2,-59.7833,88.7,59,40,5.93,scattered clouds
373,Prince George,CA,53.9166,-122.753,47.62,92,100,3.44,fog
374,Novopokrovka,UA,49.8425,36.5477,63.91,30,25,10.38,scattered clouds
375,Bataipora,BR,-22.2953,-53.2711,79.38,51,53,6.44,broken clouds
376,Tshikapa,CD,-6.4167,20.8,91.69,38,98,1.95,overcast clouds
377,Tomigusuku,JP,26.185,127.675,80.37,74,20,12.66,few clouds
378,Eureka,US,40.8021,-124.1637,55.92,90,100,1.01,overcast clouds
379,Xam Nua,LA,20.4197,104.0439,67.08,97,76,2.53,broken clouds
380,San Rafael,AR,-34.6177,-68.3301,66.79,16,55,11.56,broken clouds
381,Sturgis,US,41.7992,-85.4192,66.45,93,40,3.44,scattered clouds
382,Ahmadpur East,PK,29.1431,71.2598,95.02,33,0,6.2,clear sky
383,Oktyabrskiy,RU,54.4815,53.471,52.52,47,100,8.39,overcast clouds
384,Aksarka,RU,66.5606,67.7975,39.78,75,99,6.51,overcast clouds
385,Krasnoye,UA,49.9145,24.6134,69.73,34,1,2.73,clear sky
386,Geraldton,AU,-28.7667,114.6,50.41,93,0,3.44,clear sky
387,Katsuura,JP,35.1333,140.3,79.72,79,98,9.01,overcast clouds
388,Santa Lucia,ES,27.9117,-15.5407,74.52,51,20,28.77,few clouds
389,Poum,NC,-20.2333,164.0167,70.92,78,100,10.04,overcast clouds
390,Malayal,PH,7.208,121.942,79.75,83,84,0.58,broken clouds
391,Leshukonskoye,RU,64.8989,45.7622,46.72,60,93,7.78,overcast clouds
392,Vaitape,PF,-16.5167,-151.75,78.22,75,5,20.78,clear sky
393,Xining,CN,36.6167,101.7667,55.45,60,99,5.5,overcast clouds
394,Kodinsk,RU,58.6881,99.1844,46.13,94,100,3.62,light rain
395,San Vicente De Canete,PE,-13.0751,-76.3835,63.27,68,88,5.79,overcast clouds
396,Sabha,LY,27.0377,14.4283,95.09,17,0,15.28,clear sky
397,Umreth,IN,22.7,73.1167,94.77,53,100,3.47,overcast clouds
398,Horovice,CZ,49.836,13.9027,84.15,47,51,6.91,broken clouds
399,Aksu,CN,41.1231,80.2644,82.92,15,0,8.3,clear sky
400,Zhezkazgan,KZ,47.8043,67.7144,64.38,22,0,13.42,clear sky
401,Bacolod,PH,10.6667,122.95,79.34,82,86,4.88,overcast clouds
402,Pangoa,PE,-12.1167,-73.0,82.27,41,71,2.82,broken clouds
403,Buraydah,SA,26.326,43.975,108.05,6,0,12.5,clear sky
404,Umm Kaddadah,SD,13.6017,26.6876,97.11,27,4,5.08,clear sky
405,Lompoc,US,34.6391,-120.4579,76.78,88,0,0.0,clear sky
406,Oriximina,BR,-1.7656,-55.8661,92.14,44,6,4.32,clear sky
407,Arawa,PG,-6.2132,155.5367,76.41,92,17,4.12,few clouds
408,Margate,GB,51.3813,1.3862,69.69,77,100,7.0,overcast clouds
409,Roxana,CR,10.2753,-83.7513,85.03,65,69,2.21,broken clouds
410,Enshi,CN,30.3,109.4833,73.58,54,99,1.95,overcast clouds
411,Kitimat,CA,54.0524,-128.6534,53.98,24,100,1.99,light rain
412,Qasigiannguit,GL,68.8193,-51.1922,39.45,95,100,2.59,light rain
413,Nanyamba,TZ,-10.6833,39.8333,79.97,43,96,8.97,overcast clouds
414,Rio Gallegos,AR,-51.6226,-69.2181,35.65,51,0,10.36,clear sky
415,Erzin,TR,36.9559,36.2,87.57,24,0,8.43,clear sky
416,Nkhata Bay,MW,-11.6066,34.2907,77.68,52,25,13.44,scattered clouds
417,Vestmanna,FO,62.1564,-7.1664,58.12,67,75,13.8,broken clouds
418,Nemuro,JP,43.3236,145.575,64.13,87,2,11.16,clear sky
419,Juan De Acosta,CO,10.8281,-75.0334,80.19,74,67,2.8,broken clouds
420,Kapoeta,SS,4.7717,33.5903,83.73,51,78,3.78,broken clouds
421,Esna,EG,25.2934,32.554,100.42,17,0,17.27,clear sky
422,Janesville,US,42.6828,-89.0187,65.08,94,40,0.0,mist
423,Artyom,AZ,40.4723,50.333,71.74,68,55,16.53,broken clouds
424,Bilibino,RU,68.0546,166.4372,37.02,73,0,2.84,clear sky
425,Nishihara,JP,26.1842,127.7558,79.88,75,20,12.66,few clouds
426,Noumea,NC,-22.2763,166.4572,60.78,78,53,7.02,broken clouds
427,Port Hedland,AU,-20.3167,118.5667,64.45,72,1,5.75,clear sky
428,Arona,ES,28.0996,-16.681,76.91,77,40,10.36,scattered clouds
429,Husavik,IS,66.0449,-17.3389,57.13,69,86,3.67,overcast clouds
430,Sept-Iles,CA,50.2001,-66.3821,64.06,68,75,8.05,broken clouds
431,Zwedru,LR,6.0667,-8.1281,82.9,68,100,3.4,light rain
432,Visnes,NO,59.3556,5.2242,68.38,52,0,8.05,clear sky
433,Fortuna,US,40.5982,-124.1573,55.65,88,100,3.15,overcast clouds
434,Port-Gentil,GA,-0.7193,8.7815,84.16,65,40,16.11,scattered clouds
435,Capreol,CA,46.706,-80.9225,61.27,77,40,3.44,scattered clouds
436,Wuwei,CN,37.9281,102.6414,70.34,20,32,6.08,scattered clouds
437,Karla,EE,59.3723,24.9275,56.91,58,75,8.05,broken clouds
438,Severiano Melo,BR,-5.7772,-37.9578,89.26,26,0,14.36,clear sky
439,Stalowa Wola,PL,50.5829,22.0533,74.26,33,2,1.99,clear sky
440,Rocha,UY,-34.4833,-54.3333,65.41,74,45,8.12,scattered clouds
441,San Carlos Del Zulia,VE,9.0,-71.9135,84.51,69,56,5.55,broken clouds
442,Nalut,LY,30.3333,10.85,99.0,17,58,3.47,broken clouds
443,Along,IN,28.1667,94.7667,73.58,90,51,1.86,broken clouds
444,Nurota,UZ,40.5614,65.6886,85.35,21,0,15.97,clear sky
445,Atar,MR,20.5169,-13.0499,105.42,13,58,21.41,broken clouds
446,Gorontalo,ID,0.5412,123.0595,74.71,94,98,1.79,overcast clouds
447,Lata,PT,40.1629,-8.3327,77.07,46,100,10.11,overcast clouds
448,Makakilo City,US,21.3469,-158.0858,78.55,70,0,17.27,clear sky
449,Moussoro,TD,13.6408,16.4901,93.52,40,64,1.5,broken clouds
450,Bad Sooden-Allendorf,DE,51.2833,9.9833,80.15,46,78,7.2,broken clouds
451,Meghradzor,AM,40.6061,44.6515,51.84,82,91,7.05,overcast clouds
452,Port Blair,IN,11.6667,92.75,77.04,94,100,3.44,drizzle
453,Mnogovershinnyy,RU,53.9353,139.9242,44.89,95,100,13.82,light rain
454,Chicama,PE,-7.8447,-79.1469,59.54,72,100,6.85,overcast clouds
455,Saint-Louis,SN,16.3333,-15.0,97.56,36,14,10.71,few clouds
456,Middle Island,US,40.8843,-72.9373,68.97,88,100,16.11,overcast clouds
457,Vardo,NO,70.3705,31.1107,46.38,76,100,8.05,overcast clouds
458,Pangani,TZ,-5.4333,38.9667,76.91,68,72,13.33,broken clouds
459,General Pico,AR,-35.6566,-63.7568,69.69,21,0,11.45,clear sky
460,Belchatow,PL,51.3688,19.3567,72.63,32,61,6.44,broken clouds
461,Mandan,US,46.8267,-100.8896,64.36,80,0,11.5,clear sky
462,Kathu,TH,7.9178,98.3332,83.7,99,100,13.11,light rain
463,Rincon,US,32.296,-81.2354,81.86,93,75,3.44,broken clouds
464,Necochea,AR,-38.5473,-58.7368,64.0,61,100,13.35,overcast clouds
465,Aanekoski,FI,62.6946,25.818,52.86,67,96,7.4,overcast clouds
466,Khani,GE,41.9563,42.9566,56.77,79,63,1.21,broken clouds
467,Ligayan,PH,4.6533,119.4706,83.43,73,100,9.31,overcast clouds
468,Loveland,US,40.3978,-105.075,82.6,45,0,0.0,clear sky
469,Aripuana,BR,-9.1667,-60.6333,95.36,28,19,3.42,few clouds
470,Yaroslavskiy,RU,44.1683,132.2072,55.11,84,0,7.81,clear sky
471,Parana,AR,-31.732,-60.5238,69.51,49,3,13.11,clear sky
472,Zhigansk,RU,66.7697,123.3711,41.85,90,100,5.88,overcast clouds
473,Vuktyl,RU,63.8567,57.3094,41.23,83,100,8.37,overcast clouds
474,Lerwick,GB,60.1545,-1.1494,59.0,95,100,23.53,light rain
475,Vanimo,PG,-2.6741,141.3028,78.78,82,100,1.03,overcast clouds
476,Bhimunipatnam,IN,17.8833,83.4333,81.91,83,100,6.33,overcast clouds
477,Aketi,CD,2.7388,23.7833,76.33,86,96,8.25,light rain
478,Veracruz,MX,19.3333,-96.6667,73.67,87,100,2.57,overcast clouds
479,Dingle,PH,10.9995,122.6711,77.74,89,60,5.03,broken clouds
480,Olafsvik,IS,64.8945,-23.7142,54.27,74,49,1.97,scattered clouds
481,Basi,IN,26.8333,76.0333,88.14,45,64,2.21,broken clouds
482,Cattolica,IT,43.9575,12.7376,85.89,64,20,9.22,few clouds
483,Gillette,US,44.2911,-105.5022,59.92,44,0,6.91,clear sky
484,Haines Junction,CA,60.7522,-137.5108,24.75,100,8,0.0,clear sky
485,Batagay-Alyta,RU,67.8006,130.4114,39.51,64,100,5.64,overcast clouds
486,Hit,IQ,33.6416,42.8251,104.49,16,0,9.71,clear sky
487,Burnie,AU,-41.0667,145.9167,51.94,77,82,14.7,broken clouds
488,Nsoko,SZ,-27.0333,31.95,77.2,40,0,9.33,clear sky
489,Port Pirie,AU,-33.1833,138.0167,53.35,92,62,3.0,broken clouds
490,Burley,US,42.5357,-113.7928,75.38,18,34,0.65,scattered clouds
491,Grindavik,IS,63.8424,-22.4338,57.67,77,40,1.14,scattered clouds
492,Nyurba,RU,63.2842,118.3319,42.64,93,99,4.76,overcast clouds
493,San Cristobal,VE,7.7669,-72.225,77.18,53,93,5.66,overcast clouds
494,Mbekenyera,TZ,-10.0,38.9833,79.84,39,99,6.42,overcast clouds
495,Tessalit,ML,20.1986,1.0114,102.61,13,2,3.69,clear sky
496,Puerto Del Rosario,ES,28.5004,-13.8627,78.55,69,20,18.41,few clouds
497,Kilifi,KE,-3.6305,39.8499,78.1,68,5,17.85,clear sky
498,Mount Darwin,ZW,-16.7725,31.5838,80.58,24,0,11.03,clear sky
499,Sarangani,PH,5.4033,125.4636,83.66,71,100,10.0,overcast clouds
500,Asyut,EG,27.181,31.1837,93.38,24,0,15.03,clear sky
501,Udachnyy,RU,66.4167,112.4,39.45,80,93,10.94,overcast clouds
502,Outjo,NA,-20.1167,16.15,93.63,9,2,3.89,clear sky
503,Talaya,RU,61.3833,152.75,48.27,69,100,10.18,overcast clouds
504,Caravelas,BR,-17.7125,-39.2481,74.64,64,100,11.68,overcast clouds
505,Neyshabur,IR,36.2133,58.7958,84.92,13,0,10.2,clear sky
506,Pangai,TO,-19.8,-174.35,76.98,76,6,12.41,clear sky
507,Ryabovo,RU,59.4,31.1333,49.55,74,85,8.84,overcast clouds
508,Ahuimanu,US,21.4447,-157.8378,79.74,76,0,17.27,clear sky
509,Maragogi,BR,-9.0122,-35.2225,78.22,61,38,12.5,scattered clouds
510,Karratha,AU,-20.7377,116.8463,69.03,51,2,8.37,clear sky
511,Sola,VU,-13.8833,167.55,80.19,77,16,14.03,few clouds
512,Torbay,CA,47.6666,-52.7314,59.29,87,100,15.01,light intensity drizzle
513,Isangel,VU,-19.55,169.2667,73.26,91,80,5.79,broken clouds
514,Jiuquan,CN,39.7432,98.5174,73.9,12,0,7.81,clear sky
515,Santa Vitoria Do Palmar,BR,-33.5189,-53.3681,64.92,77,23,4.72,few clouds
516,Loralai,PK,30.3705,68.598,80.67,45,0,9.46,clear sky
517,Valdivia,CL,-39.8142,-73.2459,46.49,89,95,5.64,overcast clouds
518,Filadelfia,US,39.9523,-75.1638,70.05,90,100,12.66,overcast clouds
519,Kearney,US,40.6995,-99.0815,59.25,98,0,3.44,mist
520,Itacare,BR,-14.2775,-38.9967,72.0,80,97,6.55,overcast clouds
521,Wiang Sa,TH,8.6359,99.3666,76.03,87,100,1.99,light rain
522,Banda Aceh,ID,5.5577,95.3222,82.45,67,100,13.44,overcast clouds
523,Coacoatzintla,MX,19.6333,-96.9333,66.54,88,100,2.08,overcast clouds
524,Cockburn Town,TC,21.4612,-71.1419,82.18,73,3,7.58,clear sky
525,Podporozhye,RU,60.9112,34.1706,50.02,71,83,9.62,light rain
526,Naryan-Mar,RU,67.6713,53.087,43.29,72,97,10.04,overcast clouds
527,Ulaanbaatar,MN,47.9077,106.8832,53.73,54,0,4.47,clear sky
528,Kambove,CD,-10.8764,26.5969,85.21,15,0,6.93,clear sky
529,Shambu,ET,9.5667,37.1,59.36,89,87,1.66,moderate rain
530,Yaan,NG,7.3833,8.5667,82.99,71,86,6.46,light rain
531,Praia,CV,14.9215,-23.5087,84.74,79,75,8.05,broken clouds
532,Porto Franco,BR,-6.3383,-47.3992,96.51,21,90,7.54,overcast clouds
533,Roald,NO,62.5833,6.1333,73.17,72,0,12.66,clear sky
534,Urumqi,CN,43.801,87.6005,86.95,17,0,2.24,clear sky
535,Beihai,CN,21.4833,109.1,83.86,79,100,15.43,overcast clouds
536,Waingapu,ID,-9.6567,120.2641,77.0,79,58,7.52,broken clouds
537,Yar-Sale,RU,66.8333,70.8333,40.48,64,98,5.21,overcast clouds
538,Chumikan,RU,54.7183,135.315,48.72,78,100,26.15,light rain
539,Tabas,IR,33.5959,56.9244,102.42,7,0,4.61,clear sky
540,Hasaki,JP,35.7333,140.8333,77.4,84,99,8.5,overcast clouds
541,Olinda,BR,-8.0089,-34.8553,80.33,61,40,18.41,scattered clouds
542,College,US,64.8569,-147.8028,46.29,92,75,3.44,broken clouds
543,Zapolyarnyy,RU,69.4154,30.8136,43.88,55,100,9.51,overcast clouds
544,Barcelos,PT,41.5388,-8.6151,72.91,72,98,6.96,overcast clouds
545,Ambulu,ID,-8.345,113.6058,75.25,92,79,4.0,broken clouds
546,Yongan,CN,39.6957,113.6871,61.74,48,0,4.09,clear sky
547,Junin,AR,-34.5838,-60.9433,68.56,37,99,14.34,overcast clouds
548,Fort Nelson,CA,58.8053,-122.7002,49.59,71,75,3.44,broken clouds
549,Dudinka,RU,69.4058,86.1778,34.63,60,60,3.67,broken clouds
550,Humaita,BR,-7.5061,-63.0208,97.61,28,32,1.9,scattered clouds
551,Barra Do Corda,BR,-5.5,-45.25,95.07,25,10,8.68,clear sky
552,Sayansk,RU,54.1088,102.1648,53.55,89,81,5.82,broken clouds
553,Zhigalovo,RU,54.8097,105.1578,47.43,96,93,2.75,overcast clouds
554,Qaqortoq,GL,60.7167,-46.0333,46.6,85,37,1.45,scattered clouds
555,Bubaque,GW,11.2833,-15.8333,81.34,82,100,9.75,overcast clouds
556,Bealanana,MG,-14.55,48.7333,65.98,65,71,7.43,broken clouds
557,Kampong Thum,KH,12.7111,104.8887,75.51,95,100,7.2,overcast clouds
558,Sasovo,RU,54.3537,41.9199,53.01,49,100,11.34,overcast clouds
559,Novopetrovskoye,RU,55.9928,36.4719,46.29,94,100,6.29,light rain
560,Yulara,AU,-25.2406,130.9889,57.56,35,0,9.35,clear sky
561,Terre Haute,US,39.4667,-87.4139,71.33,92,0,0.0,clear sky
562,Zonguldak,TR,41.25,31.8333,68.85,54,3,10.74,clear sky
563,Rincon De La Victoria,ES,36.7172,-4.2758,95.0,32,82,10.63,broken clouds
564,Zeya,RU,53.75,127.2667,47.34,74,33,8.25,scattered clouds
565,Talara,PE,-4.5772,-81.2719,65.16,82,100,20.71,overcast clouds
566,Atbasar,KZ,51.8,68.3333,51.1,57,5,12.82,clear sky
567,Kiama,AU,-34.6833,150.8667,60.01,79,91,3.0,light rain
568,Abnub,EG,27.2696,31.1511,93.42,24,0,14.83,clear sky
569,Ola,RU,59.5833,151.2833,53.15,84,99,30.94,light rain
570,Kijang,KR,35.2442,129.2139,69.53,66,10,6.91,clear sky
571,Tautira,PF,-17.7333,-149.15,76.03,79,24,20.62,light rain
572,Prizren,XK,42.2139,20.7397,85.64,32,5,3.74,clear sky
573,Mahibadhoo,MV,3.7833,72.9667,80.4,83,47,13.87,scattered clouds
574,Fernley,US,39.608,-119.2518,77.22,22,0,4.0,clear sky
575,Santa Rosa,PH,14.3122,121.1114,86.11,75,19,7.49,few clouds
576,Abu Zabad,SD,12.35,29.25,89.71,47,80,5.77,broken clouds
577,Konya,TR,38.1667,32.5,69.28,26,0,11.5,clear sky
578,Daru,PG,-9.0763,143.2092,78.13,89,40,15.1,scattered clouds
579,Alyangula,AU,-13.8483,136.4192,75.07,94,40,3.44,scattered clouds
580,Youkounkoun,GN,12.5333,-13.1333,87.84,72,83,2.33,light rain
581,Gilbues,BR,-9.8317,-45.3439,87.85,25,57,13.62,broken clouds
582,Cocorit,MX,27.5833,-109.9667,71.94,86,100,5.14,overcast clouds
583,Maamba,ZM,-17.3667,27.15,84.52,22,0,7.23,clear sky
584,Villa Maria,AR,-32.4075,-63.2402,71.82,30,0,23.33,clear sky
585,Jardim,BR,-21.4803,-56.1381,87.19,34,0,5.86,clear sky
586,Popondetta,PG,-8.7537,148.2534,73.67,89,5,3.42,clear sky
587,Tochio,JP,37.4667,139.0,71.55,94,100,1.61,overcast clouds
588,Chipata,ZM,-13.6333,32.65,83.17,20,7,9.48,clear sky
589,Nouadhibou,MR,20.931,-17.0347,91.38,38,11,24.16,sand
590,Killybegs,IE,54.6333,-8.45,65.91,76,100,11.45,overcast clouds
591,Canby,US,45.2629,-122.6926,64.65,74,0,3.0,clear sky
592,Tucuma,BR,-0.1833,-50.05,81.09,82,99,8.3,overcast clouds
593,Bani Walid,LY,31.7566,13.9942,96.28,22,0,5.14,clear sky
594,Gallup,US,35.5281,-108.7426,51.64,71,0,3.44,clear sky
595,Onega,RU,63.9061,38.1404,48.81,58,92,10.87,overcast clouds
596,Muravlenko,RU,63.7898,74.523,42.76,80,100,17.76,overcast clouds
597,Westport,US,41.1415,-73.3579,68.14,85,100,13.8,overcast clouds
598,Tarbes,FR,43.25,0.1667,81.07,34,0,8.05,clear sky
599,Gejiu,CN,23.306,103.1635,59.18,77,100,4.29,overcast clouds
600,Palmer,US,42.1584,-72.3287,64.92,84,75,8.05,broken clouds
601,Havre-Saint-Pierre,CA,50.2334,-63.5986,59.36,72,40,8.05,scattered clouds
602,Ostroleka,PL,53.0862,21.5757,73.92,23,87,2.68,overcast clouds
603,Rio Grande,BR,-32.035,-52.0986,64.51,79,0,8.7,clear sky
604,Alvand,IR,36.3187,49.1678,67.82,57,100,6.49,overcast clouds
605,Bardiyah,LY,31.7561,25.0865,80.1,55,15,14.9,few clouds
606,Kazanskoye,RU,55.6448,69.235,47.82,76,100,12.57,overcast clouds
607,Zachary,US,30.6485,-91.1565,77.83,97,0,3.44,clear sky
608,Pimentel,PE,-6.8367,-79.9342,62.89,82,100,4.61,mist
609,Cassilandia,BR,-19.1133,-51.7342,92.07,20,7,12.12,clear sky
610,Paka,MY,4.6374,103.4368,78.73,94,100,0.0,overcast clouds
611,Yumbe,UG,3.4651,31.2469,78.06,67,69,0.49,light rain
612,Hovd,MN,48.0056,91.6419,72.79,17,0,12.37,clear sky
613,Berdigestyakh,RU,62.0989,126.6992,41.52,90,100,6.35,overcast clouds
614,Tura,IN,25.5198,90.2201,76.68,94,99,3.13,light rain
615,Dukat,RU,62.55,155.55,37.63,95,100,7.63,overcast clouds
616,Hansot,IN,21.5833,72.8,88.5,62,90,2.62,overcast clouds
617,Zubtsov,RU,56.1753,34.5894,49.8,86,100,7.9,overcast clouds
618,Watsa,CD,3.0372,29.5355,70.41,92,93,0.51,moderate rain
619,Kaa-Khem,RU,51.6833,94.7333,70.47,30,4,5.39,clear sky
620,Pahrump,US,36.2083,-115.9839,82.45,26,0,3.74,clear sky
621,Amga,RU,60.8953,131.9608,45.63,99,100,4.45,moderate rain
622,Amahai,ID,-3.3333,128.9167,77.22,86,100,2.75,overcast clouds
623,Camargo,MX,27.6667,-105.1667,68.02,75,100,1.92,overcast clouds
624,Williamsport,US,41.2412,-77.0011,67.26,97,100,9.22,mist
625,Broxburn,GB,55.9342,-3.4713,68.09,76,75,9.22,broken clouds
626,Dzaoudzi,YT,-12.7887,45.2699,80.49,65,20,10.36,few clouds
627,Marawi,PH,7.9986,124.2928,69.89,93,100,1.74,overcast clouds
628,Yerbogachen,RU,61.2767,108.0108,43.05,78,96,4.65,overcast clouds
629,Kaeo,NZ,-35.1,173.7833,43.32,92,6,3.4,clear sky
630,Warrington,GB,53.3925,-2.5802,72.75,61,75,10.36,broken clouds
631,Lerik,AZ,38.7726,48.4128,59.72,97,100,4.79,light rain
632,Sibolga,ID,1.7427,98.7792,78.87,83,100,1.12,overcast clouds
633,Saint-Joseph,RE,-21.3667,55.6167,71.98,69,73,1.57,broken clouds
634,Bosaso,SO,11.2842,49.1816,91.38,75,0,10.36,clear sky
635,Coahuayana,MX,18.7333,-103.6833,77.45,76,60,3.38,broken clouds
636,Pitimbu,BR,-7.4706,-34.8086,81.19,66,10,17.76,clear sky
637,Deputatskiy,RU,69.3,139.9,42.22,85,100,0.56,overcast clouds
638,Revelstoke,CA,50.9832,-118.2023,48.22,93,40,3.44,scattered clouds
639,Carnot,CF,4.9409,15.8665,82.49,73,86,5.19,light rain
640,Gazli,UZ,40.1333,63.45,91.49,18,0,11.25,clear sky
641,La Ronge,CA,55.1001,-105.2842,50.25,76,40,3.44,scattered clouds
642,Jasper,US,37.2001,-94.3502,70.02,97,0,5.75,mist
643,Baker City,US,44.7749,-117.8344,77.65,76,0,0.0,clear sky
644,Hibbing,US,47.4272,-92.9377,67.39,67,0,0.0,clear sky
645,Semey,KZ,50.4111,80.2275,77.94,22,93,19.04,overcast clouds
646,Hualmay,PE,-11.0964,-77.6139,62.19,74,93,6.8,overcast clouds
647,Ust-Nera,RU,64.5667,143.2,52.29,70,100,7.7,overcast clouds
648,Maksatikha,RU,57.797,35.8825,48.96,87,99,6.62,light rain
649,Monte Plata,DO,18.807,-69.784,85.01,67,30,2.21,scattered clouds
650,Buala,SB,-8.145,159.5921,80.26,82,5,7.58,light rain
651,Biak,ID,-0.9131,122.8766,75.25,87,99,1.45,overcast clouds
652,Saint-Francois,FR,46.4154,3.9054,78.24,50,0,10.36,clear sky
653,Aguas Formosas,BR,-17.0822,-40.9358,66.72,79,100,3.27,overcast clouds
654,Monte Alegre,BR,-2.0078,-54.0692,89.6,49,7,6.2,clear sky
655,Homer,US,59.6425,-151.5483,47.8,98,75,1.99,broken clouds
656,Touros,BR,-5.1989,-35.4608,84.29,56,12,20.04,few clouds
657,Brigantine,US,39.4101,-74.3646,73.0,90,100,14.97,overcast clouds
658,Pinehurst,US,35.1954,-79.4695,78.98,93,0,0.0,clear sky
659,Solnechnyy,RU,50.7214,136.6319,57.38,69,98,15.28,overcast clouds
660,Berlevag,NO,70.8578,29.0864,46.4,76,100,16.11,overcast clouds
661,Gat,IL,31.61,34.7642,88.39,10,0,11.39,clear sky
662,Deyang,CN,31.1302,104.382,74.73,72,99,4.54,moderate rain
663,Iskitim,RU,54.6366,83.3045,76.05,34,83,18.66,broken clouds
664,Calvia,ES,39.5657,2.5062,93.42,52,17,10.36,few clouds
665,Barabinsk,RU,55.3571,78.357,49.51,68,24,23.47,few clouds
666,Kysyl-Syr,RU,63.8986,122.7617,39.7,94,34,5.3,scattered clouds
667,Guatire,VE,10.4762,-66.5427,87.69,52,67,3.67,broken clouds
668,Stryn,NO,61.9045,6.7226,73.15,39,11,1.39,few clouds
669,Chifeng,CN,42.2683,118.9636,66.16,34,0,7.2,clear sky
670,Monroe,US,43.1501,-77.6831,68.45,94,75,6.91,broken clouds
671,Kuytun,RU,54.3419,101.5036,55.58,88,73,7.36,broken clouds
672,Kousseri,CM,12.0769,15.0306,89.56,62,75,6.91,thunderstorm
673,Samarai,PG,-10.6167,150.6667,80.01,83,29,10.07,scattered clouds
674,Khor,RU,47.8861,134.9464,57.6,65,42,19.06,scattered clouds
675,Lamu,KE,-2.2717,40.902,79.02,74,10,16.2,clear sky
676,Mao,ES,39.8885,4.2658,84.76,65,20,9.22,few clouds
677,Taoudenni,ML,22.6783,-3.9836,112.75,7,3,12.03,clear sky
678,Upata,VE,8.0086,-62.3989,78.62,87,29,3.24,scattered clouds
679,Batticaloa,LK,7.7102,81.6924,83.25,66,100,11.97,overcast clouds
680,Morro Bay,US,35.3658,-120.8499,78.12,17,0,1.9,clear sky
681,Matara,LK,5.9485,80.5353,77.74,90,99,13.09,overcast clouds
682,Matay,EG,28.419,30.7792,93.6,29,0,14.5,clear sky
683,Nadadores,MX,27.05,-101.6,75.24,65,72,1.66,broken clouds
684,Diamantino,BR,-14.4086,-56.4461,97.75,18,0,10.09,clear sky
685,Hamilton,US,39.1834,-84.5333,69.26,91,0,5.75,clear sky
686,Pillaro,EC,-1.1667,-78.5333,46.98,93,75,3.44,broken clouds
687,Vysotsk,RU,60.6288,28.5705,53.71,50,91,12.71,overcast clouds
688,Lahad Datu,MY,5.0268,118.327,77.68,87,80,2.04,broken clouds
689,Ko Samui,TH,9.5357,99.9357,78.71,89,20,0.0,light rain
690,Dibrugarh,IN,27.4833,94.9,75.34,86,24,2.8,few clouds
691,Lavrentiya,RU,65.5833,-171.0,44.42,90,100,9.55,light rain
692,Broken Hill,AU,-31.95,141.4333,60.75,81,97,24.85,moderate rain
693,Klos,AL,41.5072,20.0851,83.35,30,3,4.79,clear sky
694,Korocha,RU,50.8107,37.1953,56.12,31,41,12.71,scattered clouds
695,Houston,US,29.7633,-95.3633,79.99,87,0,3.44,clear sky
696,Rundu,NA,-17.9333,19.7667,95.74,7,0,8.43,clear sky
697,Karasjok,NO,69.4719,25.5112,46.94,57,100,6.4,overcast clouds
698,Nabire,ID,-3.3667,135.4833,77.27,89,100,2.68,overcast clouds
699,Manica,FR,49.0,-1.1667,65.05,83,100,10.85,overcast clouds
700,Salta,AR,-24.7859,-65.4117,59.59,29,0,2.3,clear sky
701,Nexo,DK,55.0607,15.1306,68.09,59,100,18.86,overcast clouds
