City_ID,City,Country,Max Temp,Current Description,Lat,Lng,Hotel Name
0,Seoul,KR,69.24,clear sky,37.5683,126.9778,LOTTE HOTEL SEOUL
1,Saldanha,ZA,69.85,clear sky,-33.0117,17.9442,Blue Bay Lodge
3,Hirara,JP,81.59,overcast clouds,24.8,125.2833,Hotel Atoll Emerald Miyakojima
4,Rikitea,PF,72.9,scattered clouds,-23.1203,-134.9692,People ThankYou
6,Komsomolskiy,UZ,92.12,clear sky,40.4272,71.7189,Ikathouse
7,Salalah,OM,80.69,broken clouds,17.0151,54.0924,"HAMDAN PLAZA HOTEL SALALAH, an HTG Hotel"
8,Hithadhoo,MV,82.38,broken clouds,-0.6,73.0833,Scoop Guest House
9,Vaini,TO,73.56,scattered clouds,-21.2,-175.2,Keleti Beach Resort
10,Arraial Do Cabo,BR,75.16,broken clouds,-22.9661,-42.0278,Pousada Porto Praia
12,Kahului,US,78.84,clear sky,20.8947,-156.47,Maui Seaside Hotel
15,Moron,AR,67.89,broken clouds,-34.6534,-58.6198,Hotel Morón
17,Jamestown,US,65.01,overcast clouds,42.097,-79.2353,Hampton Inn & Suites Jamestown
18,Oranjemund,,68.02,clear sky,-28.55,16.4333,The Fisherman's Cove
22,Hermanus,ZA,74.8,clear sky,-34.4187,19.2345,Misty Waves Boutique Hotel
23,Atuona,PF,76.59,light rain,-9.8,-139.0333,Hôtel Hiva Oa Hanakee Lodge
26,Carnarvon,AU,65.86,clear sky,-24.8667,113.6333,Hospitality Carnarvon
28,Puerto Ayora,EC,68.2,light rain,-0.7393,-90.3518,Finch Bay Galapagos Hotel
32,Keti Bandar,PK,83.26,clear sky,24.1447,67.4497,Haji laloo memon house
33,Mwingi,KE,78.51,overcast clouds,-0.9344,38.0601,Thorn Tree by The Address
34,Hilo,US,75.27,light rain,19.7297,-155.09,Hilo Hawaiian Hotel
35,Cape Town,ZA,66.27,clear sky,-33.9258,18.4232,"Radisson Blu Hotel Waterfront, Cape Town"
37,Avarua,CK,73.45,few clouds,-21.2078,-159.775,Paradise Inn
39,Lorengau,PG,80.29,overcast clouds,-2.0226,147.2712,Lorengau Harbourside Hotel
40,Berck,FR,75.27,broken clouds,50.4,1.6,Hôtel Régina & Spa
41,Alofi,NU,71.49,few clouds,-19.0595,-169.9187,Taloa Heights
42,Bathsheba,BB,88.41,few clouds,13.2167,-59.5167,Atlantis Hotel
43,Orodara,BF,81.25,light rain,10.9492,-4.9342,Bkf Orodara
46,Changde,CN,81.34,overcast clouds,29.0464,111.6783,Kangshida Hotel
47,Namibe,AO,70.43,scattered clouds,-15.1961,12.1522,Hotel Chik Chik Namibe
50,Kilindoni,TZ,77.04,clear sky,-7.9139,39.6668,Bustani B&B
53,Souillac,MU,73.78,few clouds,-20.5167,57.5167,Shanti Maurice Resort & Spa
54,Mahebourg,MU,74.25,few clouds,-20.4081,57.7,Shandrani Beachcomber Resort & Spa
56,Butaritari,KI,81.95,overcast clouds,3.0707,172.7902,Isles Sunset Lodge
60,Port Alfred,ZA,68.18,few clouds,-33.5906,26.891,The Halyards Hotel
61,Jackson,US,68.79,clear sky,42.4165,-122.8345,Agate Village Apartments
63,Chitral,PK,78.78,few clouds,35.8462,71.7858,PTDC Motel Chitral
64,Lahaina,US,78.8,clear sky,20.8783,-156.6825,Lahaina Shores Beach Resort
66,Marsa Matruh,EG,84.4,clear sky,31.3525,27.2453,Beau Site
70,Sulangan,PH,84.27,overcast clouds,11.1373,123.7228,Maia's Beach Resort
71,Awjilah,LY,90.84,clear sky,29.1081,21.2869,المنزل
72,East London,ZA,68.94,few clouds,-33.0153,27.9116,Tu Casa
74,Bambous Virieux,MU,74.21,few clouds,-20.3428,57.7575,Casa Tia Villa
77,Vila Velha,BR,75.15,broken clouds,-20.3297,-40.2925,Hotel Vitória Palace
78,Yatou,CN,66.04,clear sky,37.15,122.3833,GreenTree Hotel Rongcheng Bus Station
79,Jalu,LY,90.81,clear sky,29.0331,21.5482,صاحبة الفخامة
83,Georgetown,MY,80.53,few clouds,5.4112,100.3354,Cititel Penang
84,Faanui,PF,78.24,clear sky,-16.4833,-151.75,Bora-Bora Pearl Beach Resort & Spa
86,Moroni,KM,82.4,scattered clouds,-11.7022,43.2551,Hotel Les Arcades
90,Laguna,US,85.78,clear sky,38.421,-121.4238,"Holiday Inn Express & Suites Elk Grove Central - Hwy 99, an IHG Hotel"
96,San Ramon,US,76.12,clear sky,37.7799,-121.978,San Ramon Marriott
98,Same,TZ,76.24,broken clouds,-4.0667,37.7333,Elephant Motel
99,Palembang,ID,78.89,scattered clouds,-2.9167,104.7458,ASTON Palembang Hotel & Conference Center
100,Sinnamary,GF,84.24,overcast clouds,5.3833,-52.95,ALETHEIA Appartement Sinnamary
101,Hassleholm,SE,67.78,overcast clouds,56.1591,13.7664,Göingehof
103,Colombia,CU,84.2,clear sky,20.9881,-77.4297,Delicias Puerto padre
104,Lagoa,PT,74.97,overcast clouds,39.05,-27.9833,Casa Das Faias
106,Kununurra,AU,75.18,overcast clouds,-15.7667,128.7333,Hotel Kununurra
107,Nata,PA,80.47,overcast clouds,8.3333,-80.5167,Rey David
109,Port Elizabeth,ZA,74.1,clear sky,-33.918,25.5701,39 On Nile Guest House
118,Saint-Philippe,RE,72.99,overcast clouds,-21.3585,55.7679,Le four à pain
119,Nichinan,JP,74.84,overcast clouds,31.6,131.3667,Guest House Aki
121,Kapaa,US,79.12,light rain,22.0752,-159.319,Sheraton Kauai Coconut Beach Resort
122,Khiri Mat,TH,83.88,overcast clouds,16.8333,99.8,ปั้นดินรีสอร์ท สุโขทัย
127,Mangan,IN,76.57,overcast clouds,27.5167,88.5333,Hotel Mout View
128,Hambantota,LK,80.94,scattered clouds,6.1241,81.1185,Bungalow 63
129,La Mana,EC,73.71,overcast clouds,-0.9333,-79.2167,Hotel Somagg
130,Mulege,MX,77.86,overcast clouds,26.8833,-111.9833,Casa Granada
133,Ambanja,MG,82.33,overcast clouds,-13.6833,48.45,Hotel Salama and Fast Food
137,Rajpura,IN,84.47,clear sky,30.4831,76.595,Royal Residency
138,Meulaboh,ID,78.42,light rain,4.1363,96.1285,Kost Pria
139,Bandarbeyla,SO,79.25,clear sky,9.4942,50.8122,JABIR HOTEL
141,Port Hawkesbury,CA,67.91,clear sky,45.6169,-61.3485,MacKenzie House Tourist Home B&B
142,Marzuq,YE,80.64,light rain,14.4,46.4667,حيد القفلة
145,Cabo San Lucas,MX,78.1,overcast clouds,22.8909,-109.9124,Hotel Tesoro Los Cabos
147,Kinango,KE,80.71,clear sky,-4.1372,39.3153,Legacy Hotel
151,Fort-Shevchenko,KZ,66.34,overcast clouds,44.5086,50.263,Oasis hotel Bautino
157,La Rioja,ES,69.58,overcast clouds,42.25,-2.5,Casa Concejos
159,Luanda,AO,75.2,broken clouds,-8.8368,13.2343,EPIC SANA Luanda
160,Saint-Georges,GD,85.68,scattered clouds,12.0564,-61.7485,Radisson Grenada Beach Resort
161,Ortega,CO,84.25,clear sky,3.9361,-75.2217,Hotel Gilmart
162,Acapulco,MX,78.62,broken clouds,16.8634,-99.8901,HS Hotsson Smart Acapulco
164,Abha,SA,85.82,scattered clouds,18.2164,42.5053,Abha Hotel
165,Cidreira,BR,66.51,overcast clouds,-30.1811,-50.2056,Hotel Castelo
167,Hirado,JP,73.38,overcast clouds,33.3597,129.5531,Samson Hotel
168,Panacan,PH,80.29,broken clouds,9.2463,118.4082,Mom's Place Resort
169,Lethem,GY,85.48,overcast clouds,3.3803,-59.7968,Savannah Inn
170,Kralendijk,BQ,87.78,scattered clouds,12.15,-68.2667,Divi Flamingo Beach Resort & Casino
171,Kruisfontein,ZA,71.89,clear sky,-34.0033,24.7314,Oyster Bay House Rental
173,Potiskum,NG,84.2,overcast clouds,11.7091,11.0694,Tamir Hotel Ltd
174,Kontagora,NG,72.57,overcast clouds,10.3999,5.4695,Queens Guest Inn
175,Cozumel,MX,84.99,few clouds,20.5083,-86.9458,Cozumel Palace® All Inclusive Resort
176,Antalaha,MG,72.75,clear sky,-14.9003,50.2788,Hotel Vitasoa
177,Marovoay,MG,88.39,few clouds,-16.1,46.6333,Hôtel les Oliviers Marovoay
182,Kavaratti,IN,79.84,overcast clouds,10.5669,72.642,Green leaf
183,Spring Hill,US,86.04,clear sky,28.4769,-82.5255,Millennium Suites Llc
184,Kunda,IN,88.48,scattered clouds,25.7167,81.5167,Girja Sankar And Arvind gupta
185,Kirakira,SB,78.87,scattered clouds,-10.4544,161.9205,SanBiz Lodge
187,Honiara,SB,77.67,clear sky,-9.4333,159.95,Heritage Park Hotel
188,Tenerife,CO,81.79,overcast clouds,9.9003,-74.859,"Hotel ""Quilichao"""
190,Merrill,US,65.89,clear sky,45.1805,-89.6835,Prairie Motel
191,Sechura,PE,66.88,scattered clouds,-5.5569,-80.8222,Hospedaje Costa Bella
192,Gashua,NG,88.93,overcast clouds,12.871,11.0482,Forte Oil - Old Lorry Park
194,Ibra,OM,92.77,clear sky,22.6906,58.5334,مزرعة راحة النفوس المنزفة
195,Nicoya,CR,79.86,broken clouds,10.1483,-85.452,Las Cabinas Del Sueño
197,Gouyave,GD,84.97,scattered clouds,12.1646,-61.7296,Rumboat Retreat
199,Pasighat,IN,76.23,overcast clouds,28.0667,95.3333,Siang Guest House
201,Puerto Narino,CO,84.51,few clouds,-3.7703,-70.3831,Eware Refugio Amazonico
203,Snihurivka,UA,67.3,clear sky,47.0758,32.8052,Artua
204,Sokoni,TZ,82.26,clear sky,-6.4333,39.55,Ujamaa Beach Resort
205,Lasa,IT,72.7,overcast clouds,46.6166,10.7002,Pension Feldgärtenhof
206,Clovis,US,89.67,scattered clouds,36.8252,-119.7029,Fairfield Inn & Suites by Marriott Fresno Clovis
207,Caramay,PH,80.08,broken clouds,10.1815,119.236,Peace and Love Beach Club
208,Takoradi,GH,80.74,light rain,4.8845,-1.7554,Raybow International Hotel
210,Harrisburg,US,68.94,moderate rain,40.2737,-76.8844,Hilton Harrisburg
213,Chabahar,IR,80.08,clear sky,25.2919,60.643,هتل گدروشیا
215,Itoman,JP,80.62,few clouds,26.1247,127.6694,Southern Beach Hotel & Resort Okinawa
216,Lugovoy,KZ,81.46,clear sky,42.9472,72.7644,Ж.Д Вокзал Луговая
218,Labuhan,ID,80.35,scattered clouds,-6.8844,112.2051,DoubleFAG
221,Birin,NP,65.23,broken clouds,26.8865,88.0718,Sangam Hospitality
222,Bad Oldesloe,DE,76.35,overcast clouds,53.8117,10.3742,Good Morning + Bad Oldesloe
223,Tabou,CI,80.02,broken clouds,4.423,-7.3528,hotêl doufoulougou
227,Kavieng,PG,82.31,scattered clouds,-2.5744,150.7967,Nusa Island Retreat
228,Rangia,IN,82.35,scattered clouds,26.4667,91.6333,Dibjoy Boro
229,Aloleng,PH,82.36,clear sky,16.1307,119.7824,Steve Walden and Emma Sison-Walden Residence
231,Mumford,GH,78.51,scattered clouds,5.2618,-0.759,Spanish Villa
232,Gasa,PS,87.87,clear sky,31.5,34.4667,رابطة الفنانين الفلسطينيين
235,Sibiti,CG,85.28,overcast clouds,-3.6819,13.3499,Gaby et confort
236,Saint George,US,81.19,clear sky,37.1041,-113.5841,Best Western Plus Abbey Inn
238,Sao Joao Do Piaui,BR,88.27,broken clouds,-8.3581,-42.2467,Nayra Palace Hotel
240,Ribeira Grande,PT,77.4,scattered clouds,38.5167,-28.7,Quinta da Meia Eira
241,Las Choapas,MX,77.49,overcast clouds,17.9333,-94.0833,Hotel Jysmak
242,Ponta Pora,BR,67.91,clear sky,-22.5361,-55.7256,Hotel Pousada do Bosque
244,Takestan,IR,91.53,few clouds,36.0696,49.6959,baghdadi hotelهتل و رستوران بغدادی
245,Mattru,SL,73.44,heavy intensity rain,7.6244,-11.8332,"Mondkor Town, Bagbo Chiefdom, Bo District"
246,Catuday,PH,81.64,few clouds,16.2923,119.8062,Benjie's Kubo & Cottages
247,Nargana,PA,81.27,overcast clouds,9.4428,-78.5906,Dubbir
248,Jos,NG,73.08,moderate rain,9.9167,8.9,Silk Suites
250,Los Llanos De Aridane,ES,74.95,clear sky,28.6585,-17.9182,Valle Aridane
251,Cambridge,CA,66.22,clear sky,43.3601,-80.3127,Cambridge Gateway Suites
252,Faya,SA,86.11,broken clouds,18.3851,42.4509,املاك خالد الشعشوع
256,Ojinaga,MX,70.75,clear sky,29.5667,-104.4167,Suites Las Palmas
258,Kovur,IN,84.36,overcast clouds,14.4833,79.9833,Hotel Yesh Park
261,Road Town,VG,84.29,scattered clouds,18.4167,-64.6167,"ZINGARA 76ft Catamaran, full crew-all included"
262,Luderitz,,69.82,clear sky,-26.6481,15.1594,LÜDERITZ NEST HOTEL
263,Korla,CN,83.3,clear sky,41.7597,86.1469,Gulisitan Hotel
264,Constantine,DZ,98.01,scattered clouds,36.365,6.6147,Grand Hotel Cirta
267,Fayaoue,NC,72.14,overcast clouds,-20.65,166.5333,Chez Dydyce Guesthouse
269,Bunia,CD,74.08,light rain,1.5667,30.25,Gold Star International Hotel
270,Newark,US,68.99,mist,40.7357,-74.1724,"Robert Treat Hotel, BW Premier Collection"
272,Sao Joao Da Barra,BR,75.29,overcast clouds,-21.6403,-41.0511,Pousada Porto De Canoas
274,Santa Comba,ES,70.2,scattered clouds,43.0331,-8.8093,Hotel Xallas
275,Campagna,IT,86.41,clear sky,40.6653,15.1059,Hotel Capital
276,Pestisani,RO,75.43,few clouds,45.0667,23.0333,Casa Gorjeană
278,Benton Harbor,US,70.45,broken clouds,42.1167,-86.4542,The Boulevard Inn & Bistro
281,Vega De Alatorre,MX,79.77,overcast clouds,20.0333,-96.6333,Hotel D Luxe
282,Ponta Do Sol,PT,84.0,scattered clouds,32.6667,-17.1,Hotel do Campo
284,Marienburg,PL,68.88,scattered clouds,54.0359,19.0266,Hotel Centrum Malbork
285,Chikhli,IN,77.63,scattered clouds,20.35,76.25,HOTEL GULMOHAR
286,Newport,GB,71.08,overcast clouds,51.5877,-2.9984,ibis budget Newport
287,Sidi Ali,DZ,83.91,scattered clouds,36.0998,0.4206,Khaled
288,Dharchula,IN,73.51,broken clouds,29.85,80.5333,Mahara Hotel
289,Pochutla,MX,73.81,overcast clouds,15.7432,-96.4661,Hotel Posada San Jose
290,Sao Filipe,CV,79.29,light rain,14.8961,-24.4956,Hotel Xaguate
291,Hobyo,SO,78.62,broken clouds,5.3505,48.5268,Halane Hotel and Restaurent
292,Mount Isa,AU,74.97,light rain,-20.7333,139.5,ibis Styles Mt Isa Verona
293,Bogo,PH,80.85,overcast clouds,11.0517,124.0055,Acrige Apartelle
294,Kabompo,ZM,92.48,clear sky,-13.5927,24.2008,Big Tree
295,Saint-Pierre,RE,73.08,overcast clouds,-21.3393,55.4781,Alize Plage
297,Praia Da Vitoria,PT,80.85,scattered clouds,38.7333,-27.0667,Hotel Branco I
299,Moerai,PF,72.41,clear sky,-22.4333,-151.3333,Le Manotel
300,Mana,GF,85.17,scattered clouds,5.6592,-53.7767,LE SAMANA
302,Ambilobe,MG,79.38,overcast clouds,-13.2,49.05,Hôtel & Restaurant DIANA Ambilobe
303,Callaway,US,80.53,broken clouds,30.153,-85.5699,"Holiday Inn Express & Suites Panama City-Tyndall, an IHG Hotel"
304,Kailua,US,80.01,clear sky,21.4022,-157.7394,Sheffield House Bed & Breakfast
305,San Patricio,US,80.46,overcast clouds,28.017,-97.5169,"Motel 6 Sinton, TX"
306,Ginir,ET,69.93,light rain,7.1333,40.7,Sura Dare Village
308,Voh,NC,67.32,overcast clouds,-20.9667,164.7,Le gîte du Koniambo
309,Asosa,ET,68.56,light rain,10.0667,34.5333,Blendana Hotel Assosa
312,Juba,SS,85.53,overcast clouds,4.8517,31.5825,ROYAL PALACE HOTEL - JUBA
314,Garoua,CM,90.0,broken clouds,9.3,13.4,Dreamland Hotel Annexe Bockle
316,Muros,ES,71.1,broken clouds,42.7762,-9.0603,Apartment Av. Castelao
317,Alice Springs,AU,65.75,clear sky,-23.7,133.8833,Desert Palms Alice Springs
318,Puerto Escondido,MX,76.03,overcast clouds,15.85,-97.0667,Aldea del Bazar Hotel and Spa
323,Waw,SS,86.52,overcast clouds,7.7029,27.9953,Universal Gab Hotel
328,Bengkulu,ID,76.05,overcast clouds,-3.8004,102.2655,Grage Hotel Bengkulu
329,Nizwa,OM,94.87,scattered clouds,22.9333,57.5333,Orient Apartments
331,Basco,PH,83.66,broken clouds,20.4487,121.9702,Nathaniel's Lodge
332,Ponta Delgada,PT,77.72,broken clouds,37.7333,-25.6667,Vila Nova Hotel
333,Aguimes,ES,79.43,few clouds,27.9054,-15.4461,Hotel Villa de Aguimes
334,Shingu,JP,77.52,overcast clouds,33.7333,135.9833,Shingu UI Hotel
335,Sume,BR,83.48,clear sky,-7.6717,-36.88,Pousada Sumé ll
336,Naze,JP,77.92,broken clouds,28.3667,129.4833,Shishime Hotel
337,Saint Anthony,US,70.09,mist,45.0205,-93.218,"Holiday Inn Express Roseville-St. Paul, an IHG Hotel"
338,Pandan,PH,81.91,overcast clouds,14.0453,124.1694,Bonifacio Lodge
339,El Tigre,VE,82.85,broken clouds,8.8875,-64.2454,Hotel Santa Cruz
341,Mayo,US,73.51,overcast clouds,38.8876,-76.5119,Resorts Resource Group International
343,Quang Ngai,VN,75.72,overcast clouds,15.1167,108.8,Central Hotel
344,Paita,PE,65.3,overcast clouds,-5.0892,-81.1144,Hotel Náutico de Paita
345,Toyota,JP,79.99,overcast clouds,35.0833,137.15,Meitetsu Toyota Hotel
347,Salamiyah,SY,89.02,clear sky,35.0113,37.0532,Gondolas Forum grandchildren and grandparents
348,Aranos,,89.6,clear sky,-24.1333,19.1167,Ley-Lia Guest House
349,Pachino,IT,81.16,clear sky,36.7186,15.0907,Il Veliero
350,Victoria,HK,85.17,overcast clouds,22.2855,114.1577,Mini Central
351,Silchar,IN,81.19,heavy intensity rain,24.8167,92.8,Hotel Borail View
353,Anloga,GH,79.92,scattered clouds,5.7947,0.8973,Pin Drop Hotel
357,Bethel,US,66.56,overcast clouds,41.3712,-73.414,Courtyard by Marriott Danbury
359,Cabedelo,BR,81.27,few clouds,-6.9811,-34.8339,Pousada Camboinha
360,Walvis Bay,,76.15,clear sky,-22.9575,14.5053,Oyster Box Guesthouse
361,Khorixas,,96.17,clear sky,-20.3667,14.9667,Khorixas Lodge
362,Sao Gabriel Da Cachoeira,BR,85.41,scattered clouds,-0.1303,-67.0892,Alarne - Área De Lazer Do Alto Rio Negro
364,Omaruru,,92.88,clear sky,-21.4333,15.9333,"Kashana, Omaruru, Namibia"
366,Alghero,IT,86.09,clear sky,40.5589,8.3181,Smy Carlos V Alghero
367,Abu Kamal,SY,97.72,clear sky,34.4506,40.9171,البوكمال
368,Guerrero Negro,MX,79.57,clear sky,27.9769,-114.0611,"Casa Laguna, Bed & Breakfast"
370,Oistins,BB,87.89,few clouds,13.0667,-59.5333,Butterfly Beach Hotel
372,Mabaruma,GY,88.7,scattered clouds,8.2,-59.7833,Monty Brooms Guest House
375,Bataipora,BR,79.38,broken clouds,-22.2953,-53.2711,Hotel Vale do Ivinhema
376,Tshikapa,CD,91.69,overcast clouds,-6.4167,20.8,Tatem beach
377,Tomigusuku,JP,80.37,few clouds,26.185,127.675,Hotel Gran View Okinawa
379,Xam Nua,LA,67.08,broken clouds,20.4197,104.0439,Xee Wang Guesthouse
380,San Rafael,AR,66.79,broken clouds,-34.6177,-68.3301,Hotel San Rafael
381,Sturgis,US,66.45,scattered clouds,41.7992,-85.4192,Best Western Plus Howe Inn
382,Ahmadpur East,PK,95.02,clear sky,29.1431,71.2598,Irfan fabrics
385,Krasnoye,UA,69.73,clear sky,49.9145,24.6134,Feniks
387,Katsuura,JP,79.72,overcast clouds,35.1333,140.3,Katsuura Hotel Mikazuki
388,Santa Lucia,ES,74.52,few clouds,27.9117,-15.5407,Las Tirajanas
392,Vaitape,PF,78.22,clear sky,-16.5167,-151.75,Conrad Bora Bora Nui
396,Sabha,LY,95.09,clear sky,27.0377,14.4283,محطة ام الارانب -سبها مواصلات
397,Umreth,IN,94.77,overcast clouds,22.7,73.1167,Adarsh Resort
398,Horovice,CZ,84.15,broken clouds,49.836,13.9027,Hotel U Parku
399,Aksu,CN,82.92,clear sky,41.1231,80.2644,Pudong Holiday Hotel
401,Bacolod,PH,79.34,overcast clouds,10.6667,122.95,Planta Hotel & Residences
405,Lompoc,US,76.78,clear sky,34.6391,-120.4579,"Holiday Inn Express Lompoc, an IHG Hotel"
406,Oriximina,BR,92.14,clear sky,-1.7656,-55.8661,Pousada Tia Amélia
407,Arawa,PG,76.41,few clouds,-6.2132,155.5367,Coastline Guest House
408,Margate,GB,69.69,overcast clouds,51.3813,1.3862,Premier Inn Margate hotel
409,Roxana,CR,85.03,broken clouds,10.2753,-83.7513,3BYES1
410,Enshi,CN,73.58,overcast clouds,30.3,109.4833,Moevenpick Enshi
413,Nanyamba,TZ,79.97,overcast clouds,-10.6833,39.8333,Busati Lodge Nanyamba
415,Erzin,TR,87.57,clear sky,36.9559,36.2,Artemis Otel
416,Nkhata Bay,MW,77.68,scattered clouds,-11.6066,34.2907,Mayoka Village
419,Juan De Acosta,CO,80.19,broken clouds,10.8281,-75.0334,Cabañas Magdalena del Mar
420,Kapoeta,SS,83.73,broken clouds,4.7717,33.5903,Eastgate Hotel
422,Janesville,US,65.08,mist,42.6828,-89.0187,"Holiday Inn Express Janesville-I-90 & US Hwy 14, an IHG Hotel"
423,Artyom,AZ,71.74,broken clouds,40.4723,50.333,Yusif 10 A
425,Nishihara,JP,79.88,few clouds,26.1842,127.7558,Minshuku Agaihama
428,Arona,ES,76.91,scattered clouds,28.0996,-16.681,Paradise Court
431,Zwedru,LR,82.9,light rain,6.0667,-8.1281,Elijah Worjloh
432,Visnes,NO,68.38,clear sky,59.3556,5.2242,Park Inn Haugesund Airport
434,Port-Gentil,GA,84.16,scattered clouds,-0.7193,8.7815,Fengshui Residence
436,Wuwei,CN,70.34,scattered clouds,37.9281,102.6414,Thank Inn Chain Hotel gansu wuwei liangzhou district xiguan middle road
438,Severiano Melo,BR,89.26,clear sky,-5.7772,-37.9578,Chácara Bela Vista
439,Stalowa Wola,PL,74.26,clear sky,50.5829,22.0533,Apartamenty FLOOM Popiełuszki 39
440,Rocha,UY,65.41,scattered clouds,-34.4833,-54.3333,Hotel Arrarte
441,San Carlos Del Zulia,VE,84.51,broken clouds,9.0,-71.9135,Hotel El Manantial
443,Along,IN,73.58,broken clouds,28.1667,94.7667,Hotel West
444,Nurota,UZ,85.35,clear sky,40.5614,65.6886,Guest House Ruslan Nurata & Tours
446,Gorontalo,ID,74.71,overcast clouds,0.5412,123.0595,Maqna Hotel by Prasanthi
447,Lata,PT,77.07,overcast clouds,40.1629,-8.3327,Casa Maquia
448,Makakilo City,US,78.55,clear sky,21.3469,-158.0858,Marriott's Ko Olina Beach Club
449,Moussoro,TD,93.52,broken clouds,13.6408,16.4901,Pharmacie alnadja Moussoro
450,Bad Sooden-Allendorf,DE,80.15,broken clouds,51.2833,9.9833,Waldhotel Soodener Hof
452,Port Blair,IN,77.04,drizzle,11.6667,92.75,"Welcomhotel By ITC Hotels, Bay Island, Port Blair"
456,Middle Island,US,68.97,overcast clouds,40.8843,-72.9373,Cathedral pines
458,Pangani,TZ,76.91,broken clouds,-5.4333,38.9667,Safari Mashariki Lodge
459,General Pico,AR,69.69,clear sky,-35.6566,-63.7568,Euskadi Hotel
460,Belchatow,PL,72.63,broken clouds,51.3688,19.3567,"Santin. Hotel, restauracja"
462,Kathu,TH,83.7,light rain,7.9178,98.3332,Novotel Phuket Resort
463,Rincon,US,81.86,broken clouds,32.296,-81.2354,Days Inn Rincon
468,Loveland,US,82.6,clear sky,40.3978,-105.075,La Quinta Inn & Suites by Wyndham Loveland
471,Parana,AR,69.51,clear sky,-31.732,-60.5238,Howard Johnson by Wyndham Plaza Hotel Mayorazgo
475,Vanimo,PG,78.78,overcast clouds,-2.6741,141.3028,Vahmoneh Lodge Vanimo
476,Bhimunipatnam,IN,81.91,overcast clouds,17.8833,83.4333,Bheemili Court
478,Veracruz,MX,73.67,overcast clouds,19.3333,-96.6667,El Carrizal
479,Dingle,PH,77.74,broken clouds,10.9995,122.6711,SEGAYA PROPERTY
481,Basi,IN,88.14,broken clouds,26.8333,76.0333,Saini house
482,Cattolica,IT,85.89,few clouds,43.9575,12.7376,Hotel Antares
490,Burley,US,75.38,scattered clouds,42.5357,-113.7928,Fairfield Inn & Suites by Marriott Burley
493,San Cristobal,VE,77.18,overcast clouds,7.7669,-72.225,Pirineos
496,Puerto Del Rosario,ES,78.55,few clouds,28.5004,-13.8627,Hotel JM Puerto del Rosario
497,Kilifi,KE,78.1,clear sky,-3.6305,39.8499,Baobab Sea Lodge-Kilifi
499,Sarangani,PH,83.66,overcast clouds,5.4033,125.4636,JVL Inn and Cafeteria
500,Asyut,EG,93.38,clear sky,27.181,31.1837,فندق ميس إيجيبت Miss Egypt Hotel
502,Outjo,,93.63,clear sky,-20.1167,16.15,Kai-Oms Backpackers Lodge
504,Caravelas,BR,74.64,overcast clouds,-17.7125,-39.2481,Pousada dos Navegantes
505,Neyshabur,IR,84.92,clear sky,36.2133,58.7958,Amiran Hotel & Commercial Complex
506,Pangai,TO,76.98,clear sky,-19.8,-174.35,Ha'apai Beach Resort
508,Ahuimanu,US,79.74,clear sky,21.4447,-157.8378,Paradise Bay Resort
509,Maragogi,BR,78.22,scattered clouds,-9.0122,-35.2225,Salinas do Maragogi All Inclusive Resort
510,Karratha,AU,69.03,clear sky,-20.7377,116.8463,ibis Styles Karratha
511,Sola,VU,80.19,few clouds,-13.8833,167.55,Leumerus Bungalows
513,Isangel,VU,73.26,broken clouds,-19.55,169.2667,Tanna Lodge
514,Jiuquan,CN,73.9,clear sky,39.7432,98.5174,Jiuquan Hotel
516,Loralai,PK,80.67,clear sky,30.3705,68.598,Saddam Hotel & Resturant
518,Filadelfia,US,70.05,overcast clouds,39.9523,-75.1638,"The Ritz-Carlton, Philadelphia"
520,Itacare,BR,72.0,overcast clouds,-14.2775,-38.9967,Ecoporan Hotel Charme Spa & Eventos
521,Wiang Sa,TH,76.03,light rain,8.6359,99.3666,ชำนาญอินน์
522,Banda Aceh,ID,82.45,overcast clouds,5.5577,95.3222,OYO 884 Rumoh PMI Hotel
523,Coacoatzintla,MX,66.54,overcast clouds,19.6333,-96.9333,Hotel Eiffel
524,Cockburn Town,TC,82.18,clear sky,21.4612,-71.1419,Osprey Beach Hotel
528,Kambove,CD,85.21,clear sky,-10.8764,26.5969,Pat. Mukendi
531,Praia,CV,84.74,broken clouds,14.9215,-23.5087,LT Aparthotel
532,Porto Franco,BR,96.51,overcast clouds,-6.3383,-47.3992,Saint Louis Hotel
533,Roald,NO,73.17,clear sky,62.5833,6.1333,Flem Cabins
534,Urumqi,CN,86.95,clear sky,43.801,87.6005,Hua Ling Grand Hotel Urumqi
535,Beihai,CN,83.86,overcast clouds,21.4833,109.1,21 Degree Hostel
536,Waingapu,ID,77.0,broken clouds,-9.6567,120.2641,Pondok Wisata Elim
540,Hasaki,JP,77.4,overcast clouds,35.7333,140.8333,Inubosaki Kanko Hotel
541,Olinda,BR,80.33,scattered clouds,-8.0089,-34.8553,Flat Quatro Rodas Olinda
544,Barcelos,PT,72.91,overcast clouds,41.5388,-8.6151,Hotel Do Terço
545,Ambulu,ID,75.25,broken clouds,-8.345,113.6058,Hotel Ambulu Jember
547,Junin,AR,68.56,overcast clouds,-34.5838,-60.9433,Hotel Central
550,Humaita,BR,97.61,scattered clouds,-7.5061,-63.0208,Corrêa Hotel
551,Barra Do Corda,BR,95.07,clear sky,-5.5,-45.25,Belchior Palace Hotel
555,Bubaque,GW,81.34,overcast clouds,11.2833,-15.8333,"Casa Dora, Bubaque"
556,Bealanana,MG,65.98,broken clouds,-14.55,48.7333,Le Delta
557,Kampong Thum,KH,75.51,overcast clouds,12.7111,104.8887,Sambor Village Hotel
561,Terre Haute,US,71.33,clear sky,39.4667,-87.4139,Drury Inn & Suites Terre Haute
562,Zonguldak,TR,68.85,clear sky,41.25,31.8333,Yazioren Koyu Muhtarligi
563,Rincon De La Victoria,ES,95.0,broken clouds,36.7172,-4.2758,Fay Hotels Victoria Beach
565,Talara,PE,65.16,overcast clouds,-4.5772,-81.2719,Hostal Oro Negro
568,Abnub,EG,93.42,clear sky,27.2696,31.1511,دوار ال عبد الجواد شرق البلد بابنوب
570,Kijang,KR,69.53,clear sky,35.2442,129.2139,Samyang Beach Villa
571,Tautira,PF,76.03,light rain,-17.7333,-149.15,Pension Oaoa
572,Prizren,XK,85.64,clear sky,42.2139,20.7397,Hotel Butro
573,Mahibadhoo,MV,80.4,scattered clouds,3.7833,72.9667,Omadhoo Inn
574,Fernley,US,77.22,clear sky,39.608,-119.2518,Super 8 by Wyndham Fernley
575,Santa Rosa,PH,86.11,few clouds,14.3122,121.1114,Erlyn’s Sta Rosa City Home
576,Abu Zabad,SD,89.71,broken clouds,12.35,29.25,حامد محمد نور
577,Konya,TR,69.28,clear sky,38.1667,32.5,Meydan Ahmet Muhtar
578,Daru,PG,78.13,scattered clouds,-9.0763,143.2092,Daru Lodge
579,Alyangula,AU,75.07,scattered clouds,-13.8483,136.4192,Groote Eylandt Lodge
581,Gilbues,BR,87.85,broken clouds,-9.8317,-45.3439,Hotel Camapuã
582,Cocorit,MX,71.94,overcast clouds,27.5833,-109.9667,Kaba Motel
584,Villa Maria,AR,71.82,clear sky,-32.4075,-63.2402,Hotel Milenium
585,Jardim,BR,87.19,clear sky,-21.4803,-56.1381,Estancia Hotel - Jardim MS
586,Popondetta,PG,73.67,clear sky,-8.7537,148.2534,Timos Transit House
587,Tochio,JP,71.55,overcast clouds,37.4667,139.0,大倉割烹旅館
588,Chipata,ZM,83.17,clear sky,-13.6333,32.65,Protea Hotel by Marriott Chipata
589,Nouadhibou,MR,91.38,sand,20.931,-17.0347,El Medina
590,Killybegs,IE,65.91,overcast clouds,54.6333,-8.45,Tara Hotel
593,Bani Walid,LY,96.28,clear sky,31.7566,13.9942,نيك بلاش
597,Westport,US,68.14,overcast clouds,41.1415,-73.3579,The Westport Inn
598,Tarbes,FR,81.07,clear sky,43.25,0.1667,Quelle Vue (Gite Rural)
602,Ostroleka,PL,73.92,overcast clouds,53.0862,21.5757,Pokoje Gościnne WSAP
604,Alvand,IR,67.82,overcast clouds,36.3187,49.1678,پرورش ماهی افشار
605,Bardiyah,LY,80.1,few clouds,31.7561,25.0865,بورتو بردية
607,Zachary,US,77.83,clear sky,30.6485,-91.1565,"Holiday Inn Express & Suites Baton Rouge North, an IHG Hotel"
609,Cassilandia,BR,92.07,clear sky,-19.1133,-51.7342,Delirius Motel
610,Paka,MY,78.73,overcast clouds,4.6374,103.4368,RUMBIA RESORT VILLA Paka Terengganu
611,Yumbe,UG,78.06,light rain,3.4651,31.2469,Antonio's Hotel
612,Hovd,MN,72.79,clear sky,48.0056,91.6419,Hotel Khovd
614,Tura,IN,76.68,light rain,25.5198,90.2201,Hotel RIKMAN Continental
616,Hansot,IN,88.5,overcast clouds,21.5833,72.8,Iram woden mart
618,Watsa,CD,70.41,moderate rain,3.0372,29.5355,Hôtel Le Pacifique
620,Pahrump,US,82.45,clear sky,36.2083,-115.9839,Best Western Pahrump Oasis
622,Amahai,ID,77.22,overcast clouds,-3.3333,128.9167,HOTEL ISABELA
623,Camargo,MX,68.02,overcast clouds,27.6667,-105.1667,Hotel Santa Fe
624,Williamsport,US,67.26,mist,41.2412,-77.0011,Hampton Inn Williamsport-Downtown
625,Broxburn,GB,68.09,broken clouds,55.9342,-3.4713,Macdonald Houstoun House
626,Dzaoudzi,YT,80.49,few clouds,-12.7887,45.2699,Le Rocher
627,Marawi,PH,69.89,overcast clouds,7.9986,124.2928,Derogongan Residence
630,Warrington,GB,72.75,broken clouds,53.3925,-2.5802,Villaggio Hotel
632,Sibolga,ID,78.87,overcast clouds,1.7427,98.7792,Hotel Syariah CN Darussalam
633,Saint-Joseph,RE,71.98,broken clouds,-21.3667,55.6167,"""Plantation Bed and Breakfast"
634,Bosaso,SO,91.38,clear sky,11.2842,49.1816,Red Sea Hotel
635,Coahuayana,MX,77.45,broken clouds,18.7333,-103.6833,El rranchito michuacan de ocampos
636,Pitimbu,BR,81.19,clear sky,-7.4706,-34.8086,Reserva do Abiaí
640,Gazli,UZ,91.49,clear sky,40.1333,63.45,UTG Uy-joy kommunal xoʻjaligi
642,Jasper,US,70.02,mist,37.2001,-94.3502,Guest House Motel
643,Baker City,US,77.65,clear sky,44.7749,-117.8344,Bridge Street Inn
644,Hibbing,US,67.39,clear sky,47.4272,-92.9377,Mitchell-Tappan House - Carriage House Rentals
645,Semey,KZ,77.94,overcast clouds,50.4111,80.2275,Grand Hotel Semey
649,Monte Plata,DO,85.01,scattered clouds,18.807,-69.784,Hotel Principe Del Desvio
650,Buala,SB,80.26,light rain,-8.145,159.5921,Maringe Lagoon Lodge
651,Biak,ID,75.25,overcast clouds,-0.9131,122.8766,Penginapan Kim
652,Saint-Francois,FR,78.24,clear sky,46.4154,3.9054,Maison Vin d'Hus
653,Aguas Formosas,BR,66.72,overcast clouds,-17.0822,-40.9358,HOTEL HAVAY PALACE
654,Monte Alegre,BR,89.6,clear sky,-2.0078,-54.0692,Hotel Shekinah
656,Touros,BR,84.29,few clouds,-5.1989,-35.4608,INN NEW HORIZON
657,Brigantine,US,73.0,overcast clouds,39.4101,-74.3646,Legacy Vacation Resorts - Brigantine Beach
658,Pinehurst,US,78.98,clear sky,35.1954,-79.4695,SpringHill Suites by Marriott Pinehurst Southern Pines
661,Gat,IL,88.39,clear sky,31.61,34.7642,OlusHome
662,Deyang,CN,74.73,moderate rain,31.1302,104.382,Milletholly Resort Hotel
663,Iskitim,RU,76.05,broken clouds,54.6366,83.3045,"Kristall, Gostinichnyy Kompleks"
664,Calvia,ES,93.42,few clouds,39.5657,2.5062,Castell Son Claret
667,Guatire,VE,87.69,broken clouds,10.4762,-66.5427,Parque Residencial Canaima I
668,Stryn,NO,73.15,few clouds,61.9045,6.7226,Visnes Hotel Stryn
669,Chifeng,CN,66.16,clear sky,42.2683,118.9636,Junyu Tiancheng Hotel
670,Monroe,US,68.45,broken clouds,43.1501,-77.6831,Rodeway Inn Rochester Airport
672,Kousseri,CM,89.56,thunderstorm,12.0769,15.0306,Le Pilotis
673,Samarai,PG,80.01,scattered clouds,-10.6167,150.6667,Nuli Sapi
675,Lamu,KE,79.02,clear sky,-2.2717,40.902,Lamu House
676,Mao,ES,84.76,few clouds,39.8885,4.2658,ARTIEM Capri
678,Upata,VE,78.62,scattered clouds,8.0086,-62.3989,Posada Villa Nela
679,Batticaloa,LK,83.25,overcast clouds,7.7102,81.6924,Grand Star Guest House
680,Morro Bay,US,78.12,clear sky,35.3658,-120.8499,Inn at Morro Bay
681,Matara,LK,77.74,overcast clouds,5.9485,80.5353,Amaloh Boutique Resort
682,Matay,EG,93.6,clear sky,28.419,30.7792,Nag Aespen
683,Nadadores,MX,75.24,broken clouds,27.05,-101.6,Hacienda Las Catalinas
684,Diamantino,BR,97.75,clear sky,-14.4086,-56.4461,Hotel Delta
685,Hamilton,US,69.26,clear sky,39.1834,-84.5333,Six Acres Bed & Breakfast
688,Lahad Datu,MY,77.68,broken clouds,5.0268,118.327,The 27th House
689,Ko Samui,TH,78.71,light rain,9.5357,99.9357,The Passage
690,Dibrugarh,IN,75.34,few clouds,27.4833,94.9,SHREE COTTAGE
693,Klos,AL,83.35,clear sky,41.5072,20.0851,Hotel Golden Park KLOS
695,Houston,US,79.99,clear sky,29.7633,-95.3633,"Hotel ICON, Autograph Collection"
696,Rundu,,95.74,clear sky,-17.9333,19.7667,Millennia Estate
698,Nabire,ID,77.27,overcast clouds,-3.3667,135.4833,Hotel Nusantara I
699,Manica,FR,65.05,overcast clouds,49.0,-1.1667,Gite Lily
701,Nexo,DK,68.09,overcast clouds,55.0607,15.1306,Strandhotel Balka Søbad
